名称,部位,编号,一级材料,部位,编号
浅慵,发型,017,裁缝班·卡其,下装,045
浅慵,发型,017,科学家,发型,013
浅慵,发型,017,/,,/
浅慵,发型,017,/,,/
俏马尾,发型,046,普通帆布鞋,鞋子,025
俏马尾,发型,046,科学家,发型,013
俏马尾,发型,046,眷雅公子,发型,007
俏马尾,发型,046,/,,/
黄金稻,发型,110,白翩语,连衣裙,001
黄金稻,发型,110,秋沉灵,连衣裙,044
黄金稻,发型,110,电视机,下装,199
黄金稻,发型,110,/,,/
韶颜,发型,147,个性少女,发型,187
韶颜,发型,147,冰雪战士,发型,032
韶颜,发型,147,/,,/
韶颜,发型,147,/,,/
温雅侍者,发型,160,冰雪战士,发型,032
温雅侍者,发型,160,丽人,发型,104
温雅侍者,发型,160,/,,/
温雅侍者,发型,160,/,,/
小诗,发型,194,冰雪战士,发型,032
小诗,发型,194,馨朵·白,上衣,001
小诗,发型,194,/,,/
小诗,发型,194,/,,/
知心姐姐,发型,200,点灯的星,连衣裙,218
知心姐姐,发型,200,秋日甜心·绿,上衣,064
知心姐姐,发型,200,灰色板鞋,鞋子,147
知心姐姐,发型,200,/,,/
云墨,发型,207,琪琪云,发型,238
云墨,发型,207,麦穗,发型,094
云墨,发型,207,芝士蛋糕,发型,113
云墨,发型,207,/,,/
翘筝·蓝,发型,026,水沐,发型,129
翘筝·蓝,发型,026,汀兰,发型,132
翘筝·蓝,发型,026,完美学长,发型,010
翘筝·蓝,发型,026,甜美少女,发型,170
午夜精灵,连衣裙,084,蓝短裙,下装,209
午夜精灵,连衣裙,084,点灯的星,连衣裙,218
午夜精灵,连衣裙,084,/,,/
午夜精灵,连衣裙,084,/,,/
牧笛,连衣裙,204,OL的衬衫·白,上衣,035
牧笛,连衣裙,204,OL的衬衫·白,上衣,035
牧笛,连衣裙,204,/,,/
牧笛,连衣裙,204,/,,/
魔域筝灵,连衣裙,015,科学家,发型,013
魔域筝灵,连衣裙,015,裁缝班·卡其,下装,045
魔域筝灵,连衣裙,015,陶艺,连衣裙,107
魔域筝灵,连衣裙,015,经典牛仔裤,下装,049
安琪儿,连衣裙,025,高腰短裙·黑,下装,228
安琪儿,连衣裙,025,萝蔓·蓝,上衣,007
安琪儿,连衣裙,025,/,,/
安琪儿,连衣裙,025,/,,/
方片情人·红,连衣裙,051,运动鞋·绿,鞋子,220
方片情人·红,连衣裙,051,OL的衬衫·白,上衣,035
方片情人·红,连衣裙,051,眷雅公子,发型,007
方片情人·红,连衣裙,051,高腰短裙·黑,下装,228
歌者·粉,连衣裙,056,从容,上衣,160
歌者·粉,连衣裙,056,乖乖女·白,连衣裙,150
歌者·粉,连衣裙,056,黑色条纹,袜子,024
歌者·粉,连衣裙,056,/,,/
名媛连衣裙,连衣裙,062,风情·白,上衣,029
名媛连衣裙,连衣裙,062,电视机,下装,199
名媛连衣裙,连衣裙,062,/,,/
名媛连衣裙,连衣裙,062,/,,/
金菊呈祥,连衣裙,065,记者的衣橱·蓝,上衣,031
金菊呈祥,连衣裙,065,秋日甜心·绿,上衣,064
金菊呈祥,连衣裙,065,牛仔女郎,连衣裙,097
金菊呈祥,连衣裙,065,/,,/
豹纹风情,连衣裙,071,藕粉长裙,连衣裙,099
豹纹风情,连衣裙,071,画金屏,连衣裙,274
豹纹风情,连衣裙,071,/,,/
豹纹风情,连衣裙,071,/,,/
樱桃色拉,连衣裙,094,罗织红纱,连衣裙,266
樱桃色拉,连衣裙,094,冰雪战士,发型,032
樱桃色拉,连衣裙,094,/,,/
樱桃色拉,连衣裙,094,/,,/
普通浴巾,连衣裙,139,冰雪战士,发型,032
普通浴巾,连衣裙,139,雪绒花,上衣,108
普通浴巾,连衣裙,139,/,,/
普通浴巾,连衣裙,139,/,,/
宅居族,连衣裙,147,蝴蝶结之梦·黄,连衣裙,035
宅居族,连衣裙,147,萝蔓·蓝,上衣,007
宅居族,连衣裙,147,/,,/
宅居族,连衣裙,147,/,,/
梦蔷,连衣裙,163,樱桃色拉,连衣裙,094
梦蔷,连衣裙,163,迷梦金蕊,连衣裙,110
梦蔷,连衣裙,163,/,,/
梦蔷,连衣裙,163,/,,/
糖果心,连衣裙,171,天真猫,连衣裙,122
糖果心,连衣裙,171,乖乖女·白,连衣裙,150
糖果心,连衣裙,171,/,,/
糖果心,连衣裙,171,/,,/
小约会,连衣裙,195,风度·蓝,外套,001
小约会,连衣裙,195,冰雪战士,发型,032
小约会,连衣裙,195,运动鞋·绿,鞋子,220
小约会,连衣裙,195,/,,/
黑白银河,连衣裙,220,眷雅公子,发型,007
黑白银河,连衣裙,220,针织背心·蓝,外套,008
黑白银河,连衣裙,220,风情·白,上衣,029
黑白银河,连衣裙,220,/,,/
老照片,连衣裙,222,馨朵·白,上衣,001
老照片,连衣裙,222,老师衣橱·蓝,连衣裙,048
老照片,连衣裙,222,裁缝班·卡其,下装,045
老照片,连衣裙,222,/,,/
星光曲·紫,连衣裙,040,科学家,发型,013
星光曲·紫,连衣裙,040,裁缝班·卡其,下装,045
星光曲·紫,连衣裙,040,馨朵·白,上衣,001
星光曲·紫,连衣裙,040,天真半筒袜,袜子,005
梦花田,连衣裙,093,魔域筝灵,连衣裙,015
梦花田,连衣裙,093,图书馆·粉,上衣,047
梦花田,连衣裙,093,清凉一夏·蓝,下装,204
梦花田,连衣裙,093,/,,/
冬眠,连衣裙,167,家教,连衣裙,227
冬眠,连衣裙,167,小烤箱,外套,146
冬眠,连衣裙,167,小女仆·颈饰,饰品,084
冬眠,连衣裙,167,晚寒,连衣裙,286
鎏金岁月,连衣裙,177,作曲家,连衣裙,114
鎏金岁月,连衣裙,177,暗旋宫廷,连衣裙,095
鎏金岁月,连衣裙,177,惑影,连衣裙,086
鎏金岁月,连衣裙,177,红围裙,下装,103
占卜师衣橱,连衣裙,203,电视机,下装,199
占卜师衣橱,连衣裙,203,从容,上衣,160
占卜师衣橱,连衣裙,203,/,,/
占卜师衣橱,连衣裙,203,/,,/
黑暗雕像,连衣裙,219,秋沉灵,连衣裙,044
黑暗雕像,连衣裙,219,电视机,下装,199
黑暗雕像,连衣裙,219,短款外套·灰,外套,028
黑暗雕像,连衣裙,219,乖乖女·白,连衣裙,150
烟雨图,连衣裙,248,老照片,连衣裙,222
烟雨图,连衣裙,248,音学园·墨,外套,021
烟雨图,连衣裙,248,甜蜜夹心,下装,135
烟雨图,连衣裙,248,/,,/
扬舞·蓝,连衣裙,037,夜莺,连衣裙,215
扬舞·蓝,连衣裙,037,作曲家,连衣裙,114
扬舞·蓝,连衣裙,037,双莓缤纷,连衣裙,192
扬舞·蓝,连衣裙,037,老师衣橱·蓝,连衣裙,048
风度·蓝,外套,001,陶艺,连衣裙,107
风度·蓝,外套,001,经典牛仔裤,下装,049
风度·蓝,外套,001,/,,/
风度·蓝,外套,001,/,,/
特级助手·外套,外套,004,针织背心·蓝,外套,008
特级助手·外套,外套,004,裁缝班·卡其,下装,045
特级助手·外套,外套,004,/,,/
特级助手·外套,外套,004,/,,/
樱花雨衣,外套,005,性感不良·上衣,上衣,078
樱花雨衣,外套,005,硬式咆哮,外套,135
樱花雨衣,外套,005,/,,/
樱花雨衣,外套,005,/,,/
棒球衫·黑,外套,015,针织背心·蓝,外套,008
棒球衫·黑,外套,015,秋日甜心·绿,上衣,064
棒球衫·黑,外套,015,/,,/
棒球衫·黑,外套,015,/,,/
音学园·墨,外套,021,个性少女,发型,187
音学园·墨,外套,021,图书馆·粉,上衣,047
音学园·墨,外套,021,/,,/
音学园·墨,外套,021,/,,/
卡布奇诺,外套,033,芬芳·粉,上衣,179
卡布奇诺,外套,033,馨朵·白,上衣,001
卡布奇诺,外套,033,/,,/
卡布奇诺,外套,033,/,,/
秋雁,外套,065,个性少女,发型,187
秋雁,外套,065,馨朵·白,上衣,001
秋雁,外套,065,裁缝班·卡其,下装,045
秋雁,外套,065,/,,/
温雅侍者·马甲,外套,071,风度·蓝,外套,001
温雅侍者·马甲,外套,071,茵萝,外套,012
温雅侍者·马甲,外套,071,/,,/
温雅侍者·马甲,外套,071,/,,/
素米,外套,114,黑色条纹,袜子,024
素米,外套,114,运动服·绿,上衣,182
素米,外套,114,/,,/
素米,外套,114,/,,/
白蝙蝠,外套,151,飘,连衣裙,120
白蝙蝠,外套,151,樱宁·上衣,上衣,011
白蝙蝠,外套,151,紫芋,上衣,227
白蝙蝠,外套,151,/,,/
画家·妃,外套,024,秋日甜心·绿,上衣,064
画家·妃,外套,024,裁缝班·卡其,下装,045
画家·妃,外套,024,/,,/
画家·妃,外套,024,/,,/
彩蝶,外套,034,茵萝,外套,012
彩蝶,外套,034,茵萝,外套,012
彩蝶,外套,034,/,,/
彩蝶,外套,034,/,,/
巫女的短衣,外套,035,茵萝,外套,012
巫女的短衣,外套,035,魔域筝灵,连衣裙,015
巫女的短衣,外套,035,鬼姬冥花,连衣裙,130
巫女的短衣,外套,035,/,,/
腊月,外套,075,茵萝,外套,012
腊月,外套,075,风度·蓝,外套,001
腊月,外套,075,/,,/
腊月,外套,075,/,,/
樱宁·上衣,上衣,011,馨朵·白,上衣,001
樱宁·上衣,上衣,011,陶艺,连衣裙,107
樱宁·上衣,上衣,011,/,,/
樱宁·上衣,上衣,011,/,,/
NIKKI衫·黑,上衣,051,馨朵·白,上衣,001
NIKKI衫·黑,上衣,051,天真半筒袜,袜子,005
NIKKI衫·黑,上衣,051,/,,/
NIKKI衫·黑,上衣,051,/,,/
浅浅,上衣,120,点灯的星,连衣裙,218
浅浅,上衣,120,蓝短裙,下装,209
浅浅,上衣,120,/,,/
浅浅,上衣,120,/,,/
紧身背心·黑,上衣,208,天真半筒袜,袜子,005
紧身背心·黑,上衣,208,花边短裤·灰,下装,078
紧身背心·黑,上衣,208,/,,/
紧身背心·黑,上衣,208,/,,/
夏蝉上衣·粉,上衣,013,运动服·绿,上衣,182
夏蝉上衣·粉,上衣,013,从容,上衣,160
夏蝉上衣·粉,上衣,013,裁缝班·卡其,下装,045
夏蝉上衣·粉,上衣,013,/,,/
小樱桃·粉,上衣,022,灰色板鞋,鞋子,147
小樱桃·粉,上衣,022,绿色T恤,上衣,060
小樱桃·粉,上衣,022,/,,/
小樱桃·粉,上衣,022,/,,/
文明起源·白,上衣,042,全棉上衣·褐,上衣,172
文明起源·白,上衣,042,OL的衬衫·白,上衣,035
文明起源·白,上衣,042,老师衣橱·蓝,连衣裙,048
文明起源·白,上衣,042,/,,/
射线·白,上衣,045,中学生,上衣,039
射线·白,上衣,045,白翩语,连衣裙,001
射线·白,上衣,045,秋沉灵,连衣裙,044
射线·白,上衣,045,/,,/
假日心情·粉,上衣,070,记者的衣橱·蓝,上衣,031
假日心情·粉,上衣,070,从容,上衣,160
假日心情·粉,上衣,070,紧身背心·黑,上衣,208
假日心情·粉,上衣,070,/,,/
环泳·上衣,上衣,101,紧身背心·黑,上衣,208
环泳·上衣,上衣,101,全棉上衣·褐,上衣,172
环泳·上衣,上衣,101,牛仔女郎,连衣裙,097
环泳·上衣,上衣,101,/,,/
雪绒花,上衣,108,风情·白,上衣,029
雪绒花,上衣,108,针织背心·蓝,外套,008
雪绒花,上衣,108,蓝短裙,下装,209
雪绒花,上衣,108,/,,/
贵妇打底裙,上衣,109,秋日甜心·绿,上衣,064
贵妇打底裙,上衣,109,蓝短裙,下装,209
贵妇打底裙,上衣,109,/,,/
贵妇打底裙,上衣,109,/,,/
温雅侍者·衣,上衣,122,萝蔓·蓝,上衣,007
温雅侍者·衣,上衣,122,俏海,上衣,167
温雅侍者·衣,上衣,122,/,,/
温雅侍者·衣,上衣,122,/,,/
徘徊,上衣,162,经典牛仔裤,下装,049
徘徊,上衣,162,芬芳·粉,上衣,179
徘徊,上衣,162,/,,/
徘徊,上衣,162,/,,/
粉色风暴·上衣,上衣,271,醒来,上衣,157
粉色风暴·上衣,上衣,271,全棉上衣·褐,上衣,172
粉色风暴·上衣,上衣,271,牛仔女郎,连衣裙,097
粉色风暴·上衣,上衣,271,/,,/
水手服,上衣,017,水手服上衣,上衣,099
水手服,上衣,017,风度·蓝,外套,001
水手服,上衣,017,/,,/
水手服,上衣,017,/,,/
兔子兜·粉,上衣,018,萝蔓·蓝,上衣,007
兔子兜·粉,上衣,018,记者的衣橱·蓝,上衣,031
兔子兜·粉,上衣,018,馨朵·白,上衣,001
兔子兜·粉,上衣,018,/,,/
玲珑·上衣,上衣,100,雪绒花,上衣,108
玲珑·上衣,上衣,100,粉色风暴·上衣,上衣,271
玲珑·上衣,上衣,100,荧珑,外套,047
玲珑·上衣,上衣,100,环泳·上衣,上衣,101
爱心靴裤·蓝,下装,026,运动鞋·绿,鞋子,220
爱心靴裤·蓝,下装,026,风度·蓝,外套,001
爱心靴裤·蓝,下装,026,随性短裤·蓝,下装,001
爱心靴裤·蓝,下装,026,/,,/
大喵背带裙·蓝,下装,011,芬芳·粉,上衣,179
大喵背带裙·蓝,下装,011,高腰短裙·黑,下装,228
大喵背带裙·蓝,下装,011,老师衣橱·蓝,连衣裙,048
大喵背带裙·蓝,下装,011,/,,/
粉色风暴·下装,下装,260,背带长裙·蓝,下装,282
粉色风暴·下装,下装,260,经典牛仔裤,下装,049
粉色风暴·下装,下装,260,/,,/
粉色风暴·下装,下装,260,/,,/
黑纱裙,下装,238,老照片,连衣裙,222
黑纱裙,下装,238,少女背带裤,下装,244
黑纱裙,下装,238,/,,/
黑纱裙,下装,238,/,,/
环泳·下装,下装,108,背带长裙·蓝,下装,282
环泳·下装,下装,108,职业短裙·蓝,下装,285
环泳·下装,下装,108,/,,/
环泳·下装,下装,108,/,,/
蓝贞·裙,下装,015,香蕉派,下装,162
蓝贞·裙,下装,015,经典牛仔裤,下装,049
蓝贞·裙,下装,015,/,,/
蓝贞·裙,下装,015,/,,/
玲珑·下装,下装,107,水手服裙,下装,106
玲珑·下装,下装,107,无畏,下装,086
玲珑·下装,下装,107,粉色风暴·下装,下装,260
玲珑·下装,下装,107,环泳·下装,下装,108
毛毡短裤,下装,113,花边短裤·灰,下装,078
毛毡短裤,下装,113,芬芳·粉,上衣,179
毛毡短裤,下装,113,/,,/
毛毡短裤,下装,113,/,,/
茉莉,下装,230,学生运动袜,袜子,058
茉莉,下装,230,秋日甜心·绿,上衣,064
茉莉,下装,230,中学少女,发型,071
茉莉,下装,230,/,,/
铅华,下装,074,裁缝班·卡其,下装,045
铅华,下装,074,居家拖鞋·白,鞋子,169
铅华,下装,074,/,,/
铅华,下装,074,/,,/
琴键,下装,088,裁缝班·卡其,下装,045
琴键,下装,088,电视机,下装,199
琴键,下装,088,/,,/
琴键,下装,088,/,,/
清凉一夏·蓝,下装,204,从容,上衣,160
清凉一夏·蓝,下装,204,居家拖鞋·白,鞋子,169
清凉一夏·蓝,下装,204,/,,/
清凉一夏·蓝,下装,204,/,,/
水手服裙,下装,106,灰色板鞋,鞋子,147
水手服裙,下装,106,经典牛仔裤,下装,049
水手服裙,下装,106,/,,/
水手服裙,下装,106,/,,/
温雅侍者·裤,下装,143,丁香花,下装,227
温雅侍者·裤,下装,143,高腰短裙·黑,下装,228
温雅侍者·裤,下装,143,/,,/
温雅侍者·裤,下装,143,/,,/
夏蝉裙·粉,下装,018,针织背心·蓝,外套,008
夏蝉裙·粉,下装,018,风情·白,上衣,029
夏蝉裙·粉,下装,018,老师衣橱·蓝,连衣裙,048
夏蝉裙·粉,下装,018,/,,/
樱宁·蓬裙,下装,016,天真半筒袜,袜子,005
樱宁·蓬裙,下装,016,馨朵·白,上衣,001
樱宁·蓬裙,下装,016,沁蜜桃,上衣,066
樱宁·蓬裙,下装,016,/,,/
樱蕊,下装,009,OL的衬衫·白,上衣,035
樱蕊,下装,009,裁缝班·卡其,下装,045
樱蕊,下装,009,/,,/
樱蕊,下装,009,/,,/
运动会·蓝,下装,055,紧身背心·黑,上衣,208
运动会·蓝,下装,055,珠泪·粉,鞋子,014
运动会·蓝,下装,055,/,,/
运动会·蓝,下装,055,/,,/
周游世界·蓝,下装,041,科学家,发型,013
周游世界·蓝,下装,041,针织背心·蓝,外套,008
周游世界·蓝,下装,041,/,,/
周游世界·蓝,下装,041,/,,/
点点花·粉,袜子,028,馨朵·白,上衣,001
点点花·粉,袜子,028,运动服·绿,上衣,182
点点花·粉,袜子,028,/,,/
点点花·粉,袜子,028,/,,/
糖果心·袜,袜子,144,黑色条纹,袜子,024
糖果心·袜,袜子,144,学生棉袜·蓝,袜子,006
糖果心·袜,袜子,144,/,,/
糖果心·袜,袜子,144,/,,/
英伦格·棕,袜子,008,居家拖鞋·白,鞋子,169
英伦格·棕,袜子,008,珠泪·粉,鞋子,014
英伦格·棕,袜子,008,海上花,袜子,043
英伦格·棕,袜子,008,/,,/
腊月绒靴,鞋子,350,居家拖鞋·白,鞋子,169
腊月绒靴,鞋子,350,简约凉鞋·黑,鞋子,001
腊月绒靴,鞋子,350,/,,/
腊月绒靴,鞋子,350,/,,/
玲珑·拖鞋,鞋子,112,运动鞋·绿,鞋子,220
玲珑·拖鞋,鞋子,112,普通帆布鞋,鞋子,025
玲珑·拖鞋,鞋子,112,/,,/
玲珑·拖鞋,鞋子,112,/,,/
糖果心·鞋,鞋子,359,海星凉拖,鞋子,382
糖果心·鞋,鞋子,359,钻辉,鞋子,235
糖果心·鞋,鞋子,359,/,,/
糖果心·鞋,鞋子,359,/,,/
童趣·粉,鞋子,008,玫瑰梦·紫,下装,278
童趣·粉,鞋子,008,背扣松糕鞋,鞋子,164
童趣·粉,鞋子,008,火照,鞋子,092
童趣·粉,鞋子,008,/,,/
绮霞景,鞋子,396,雪摇篮,鞋子,402
绮霞景,鞋子,396,行走的诗·白,鞋子,132
绮霞景,鞋子,396,/,,/
绮霞景,鞋子,396,/,,/
玺拖,鞋子,105,OL的衬衫·白,上衣,035
玺拖,鞋子,105,萝蔓·蓝,上衣,007
玺拖,鞋子,105,/,,/
玺拖,鞋子,105,/,,/
熊猫睡衣·拖鞋,鞋子,076,兔乐乐,鞋子,140
熊猫睡衣·拖鞋,鞋子,076,秋日甜心·绿,上衣,064
熊猫睡衣·拖鞋,鞋子,076,/,,/
熊猫睡衣·拖鞋,鞋子,076,/,,/
筝迹·黑,鞋子,038,馨朵·白,上衣,001
筝迹·黑,鞋子,038,灰色板鞋,鞋子,147
筝迹·黑,鞋子,038,/,,/
筝迹·黑,鞋子,038,/,,/
蓝色遮阳帽,饰品,243,芬芳·粉,上衣,179
蓝色遮阳帽,饰品,243,轻松鞋,鞋子,277
蓝色遮阳帽,饰品,243,全棉上衣·褐,上衣,172
蓝色遮阳帽,饰品,243,/,,/
兔女郎头饰,饰品,202,筝迹·黑,鞋子,038
兔女郎头饰,饰品,202,点点花·粉,袜子,028
兔女郎头饰,饰品,202,小樱桃·粉,上衣,022
兔女郎头饰,饰品,202,兔女郎,连衣裙,165
腊月手套,饰品,203,皮质手套,饰品,012
腊月手套,饰品,203,学妹眼镜,饰品,170
腊月手套,饰品,203,/,,/
腊月手套,饰品,203,/,,/
荒原拎包,饰品,273,丝绸河流,上衣,299
荒原拎包,饰品,273,蝴蝶结头饰·红,饰品,001
荒原拎包,饰品,273,鹿珍,发型,100
荒原拎包,饰品,273,/,,/
绿茗伞,饰品,162,芬芳·粉,上衣,179
绿茗伞,饰品,162,个性少女,发型,187
绿茗伞,饰品,162,运动服·绿,上衣,182
绿茗伞,饰品,162,/,,/
小安娜,发型,529,复古英伦,发型,107
小安娜,发型,529,冰雪战士,发型,032
小安娜,发型,529,/,,/
小安娜,发型,529,/,,/
安娜小姐,连衣裙,407,天真猫,连衣裙,122
安娜小姐,连衣裙,407,暖之舞,连衣裙,179
安娜小姐,连衣裙,407,/,,/
安娜小姐,连衣裙,407,/,,/
粉娃娃,鞋子,511,钻辉,鞋子,235
粉娃娃,鞋子,511,普通帆布鞋,鞋子,025
粉娃娃,鞋子,511,/,,/
粉娃娃,鞋子,511,/,,/
粉蔷薇帽,饰品,549,高级女帽,饰品,315
粉蔷薇帽,饰品,549,薄纱披肩,饰品,035
粉蔷薇帽,饰品,549,/,,/
粉蔷薇帽,饰品,549,/,,/
轻粉手套,饰品,555,铆钉手套,饰品,238
轻粉手套,饰品,555,铆钉手环,饰品,323
轻粉手套,饰品,555,/,,/
轻粉手套,饰品,555,/,,/
轻粉颈饰,饰品,552,红心项链,饰品,246
轻粉颈饰,饰品,552,花好,饰品,121
轻粉颈饰,饰品,552,/,,/
轻粉颈饰,饰品,552,/,,/
纯洁舞者,发型,495,斯文助理,发型,204
纯洁舞者,发型,495,风情·白,上衣,029
纯洁舞者,发型,495,寻梦,发型,152
纯洁舞者,发型,495,/,,/
白天鹅,连衣裙,343,小女仆,连衣裙,068
白天鹅,连衣裙,343,鸢尾短裙,连衣裙,104
白天鹅,连衣裙,343,/,,/
白天鹅,连衣裙,343,/,,/
雪白胴体,袜子,204,音乐公主,发型,067
雪白胴体,袜子,204,黑色条纹,袜子,024
雪白胴体,袜子,204,虔诚之花·袜,袜子,140
雪白胴体,袜子,204,/,,/
雪羽舞步,鞋子,482,音乐公主,发型,067
雪羽舞步,鞋子,482,黑色条纹,袜子,024
雪羽舞步,鞋子,482,白雪小皮鞋,鞋子,435
雪羽舞步,鞋子,482,/,,/
纯洁天鹅,妆容,013,蝴蝶结头饰·红,饰品,001
纯洁天鹅,妆容,013,针织背心·蓝,外套,008
纯洁天鹅,妆容,013,蜜桃甜心,妆容,003
纯洁天鹅,妆容,013,/,,/
白天鹅之冠,饰品,453,铆钉手环,饰品,323
白天鹅之冠,饰品,453,OL的衬衫·白,上衣,035
白天鹅之冠,饰品,453,纯爱花饰,饰品,118
白天鹅之冠,饰品,453,/,,/
白天鹅耳钻,饰品,451,铆钉手环,饰品,323
白天鹅耳钻,饰品,451,OL的衬衫·白,上衣,035
白天鹅耳钻,饰品,451,雪绒球·大,饰品,350
白天鹅耳钻,饰品,451,/,,/
白雪钻链,饰品,450,翠意,连衣裙,116
白雪钻链,饰品,450,绿色T恤,上衣,060
白雪钻链,饰品,450,钻链,饰品,120
白雪钻链,饰品,450,/,,/
雪钻手链,饰品,452,翠意,连衣裙,116
雪钻手链,饰品,452,绿色T恤,上衣,060
雪钻手链,饰品,452,十字架手链,饰品,322
雪钻手链,饰品,452,/,,/
白天鹅之羽,饰品,459,小红帽,发型,148
白天鹅之羽,饰品,459,苍翠叶,饰品,319
白天鹅之羽,饰品,459,/,,/
白天鹅之羽,饰品,459,/,,/
白天鹅之羽·梦,饰品,454,白天鹅之羽,饰品,459
白天鹅之羽·梦,饰品,454,雪山上的礼物,外套,125
白天鹅之羽·梦,饰品,454,夜色·白,上衣,212
白天鹅之羽·梦,饰品,454,女神领域,连衣裙,098
白衣天使,连衣裙,063,绿色T恤,上衣,060
白衣天使,连衣裙,063,醒来,上衣,157
白衣天使,连衣裙,063,百花盛开,袜子,160
白衣天使,连衣裙,063,小女仆,连衣裙,068
精灵·金,发型,043,完美学长,发型,010
精灵·金,发型,043,雅静,发型,443
精灵·金,发型,043,鬼姬,发型,136
精灵·金,发型,043,/,,/
百合花精,上衣,059,眷恋,上衣,138
百合花精,上衣,059,露珠,上衣,135
百合花精,上衣,059,布洛克秘密,鞋子,145
百合花精,上衣,059,/,,/
百合瓣,下装,065,夏日假期·蓝,下装,139
百合瓣,下装,065,暗恋故事·蓝,下装,037
百合瓣,下装,065,印花短裙·粉格,下装,066
百合瓣,下装,065,/,,/
精灵语,鞋子,054,俏丫头,发型,102
精灵语,鞋子,054,芝士条,鞋子,378
精灵语,鞋子,054,甜心巧克力,鞋子,069
精灵语,鞋子,054,/,,/
百合宝石,饰品,050,薄纱披肩,饰品,035
百合宝石,饰品,050,星环耳环,饰品,403
百合宝石,饰品,050,山杏叶,连衣裙,295
百合宝石,饰品,050,/,,/
百合灵石,饰品,054,趣味帽,饰品,016
百合灵石,饰品,054,星星耳饰,饰品,336
百合灵石,饰品,054,红斗篷,饰品,163
百合灵石,饰品,054,/,,/
翅影披风,饰品,051,甜美少女,发型,170
翅影披风,饰品,051,雪绒球·小,饰品,351
翅影披风,饰品,051,杏花阁,连衣裙,138
翅影披风,饰品,051,/,,/
百合手环,饰品,052,蔷薇颈圈,饰品,038
百合手环,饰品,052,节日氛围,饰品,410
百合手环,饰品,052,小女仆·袖口,饰品,087
百合手环,饰品,052,/,,/
花灵手套,饰品,055,丝绸手套,饰品,046
花灵手套,饰品,055,爱之手套,饰品,404
花灵手套,饰品,055,牛仔小妞,外套,036
花灵手套,饰品,055,/,,/
百合腰饰,饰品,053,真皮钱包,饰品,090
百合腰饰,饰品,053,爱之锁,饰品,406
百合腰饰,饰品,053,花开,饰品,097
百合腰饰,饰品,053,/,,/
北地女郎,发型,511,鬼姬,发型,136
北地女郎,发型,511,小诗,发型,194
北地女郎,发型,511,/,,/
北地女郎,发型,511,/,,/
迷彩外套,外套,211,沉默蔷薇,外套,116
迷彩外套,外套,211,硬式咆哮,外套,135
迷彩外套,外套,211,时尚先驱·弟,饰品,466
迷彩外套,外套,211,/,,/
北地英姿·衣,上衣,353,小帆船,连衣裙,371
北地英姿·衣,上衣,353,蔚海,饰品,134
北地英姿·衣,上衣,353,职业秘书·衣,上衣,340
北地英姿·衣,上衣,353,/,,/
北地英姿·裤,下装,333,爱心靴裤·蓝,下装,026
北地英姿·裤,下装,333,复古蓝宝石,下装,232
北地英姿·裤,下装,333,校服短裙·绿,下装,320
北地英姿·裤,下装,333,/,,/
北地英姿·靴,鞋子,495,火照,鞋子,092
北地英姿·靴,鞋子,495,超级特工·鞋,鞋子,395
北地英姿·靴,鞋子,495,雨林花,鞋子,486
北地英姿·靴,鞋子,495,/,,/
迷彩帽,饰品,504,沙华,饰品,145
迷彩帽,饰品,504,宽檐礼帽,饰品,484
迷彩帽,饰品,504,海滨草帽·棕,饰品,469
迷彩帽,饰品,504,/,,/
迷彩手套,饰品,505,兰佩,饰品,151
迷彩手套,饰品,505,麦穗皮包·棕,饰品,492
迷彩手套,饰品,505,时尚先驱·弟,饰品,466
迷彩手套,饰品,505,/,,/
霞赤图,连衣裙,247,月桂头饰,饰品,348
霞赤图,连衣裙,247,画金屏,连衣裙,274
霞赤图,连衣裙,247,/,,/
霞赤图,连衣裙,247,/,,/
霞赤折扇,饰品,276,星星项链,饰品,018
霞赤折扇,饰品,276,云端珠·红,饰品,345
霞赤折扇,饰品,276,/,,/
霞赤折扇,饰品,276,/,,/
霞色锦囊,饰品,278,黑白腕带,饰品,015
霞色锦囊,饰品,278,云端结·红,饰品,342
霞色锦囊,饰品,278,/,,/
霞色锦囊,饰品,278,/,,/
哥特萝莉,发型,126,冰雪战士,发型,032
哥特萝莉,发型,126,转校生·棕,发型,192
哥特萝莉,发型,126,银翼侠,发型,016
哥特萝莉,发型,126,复古英伦,发型,107
夜墟,上衣,082,紧身背心·黑,上衣,208
夜墟,上衣,082,芬芳·粉,上衣,179
夜墟,上衣,082,倒影,上衣,105
夜墟,上衣,082,/,,/
夜的面具,下装,094,花边短裤·灰,下装,078
夜的面具,下装,094,经典牛仔裤,下装,049
夜的面具,下装,094,法式咖啡,下装,051
夜的面具,下装,094,/,,/
魔花,袜子,055,/,,/
魔花,袜子,055,/,,/
魔花,袜子,055,/,,/
魔花,袜子,055,/,,/
黑夜哥特,鞋子,084,居家拖鞋·白,鞋子,169
黑夜哥特,鞋子,084,普通帆布鞋,鞋子,025
黑夜哥特,鞋子,084,波点凉鞋·蓝,鞋子,004
黑夜哥特,鞋子,084,/,,/
黑色花雕,饰品,128,薄纱披肩,饰品,035
黑色花雕,饰品,128,方巾·粉,饰品,006
黑色花雕,饰品,128,钻链,饰品,120
黑色花雕,饰品,128,午茶,饰品,068
魔花颈圈,饰品,129,红色手表,饰品,236
魔花颈圈,饰品,129,云端珠·红,饰品,345
魔花颈圈,饰品,129,自然馈赠,饰品,177
魔花颈圈,饰品,129,/,,/
魔花手饰,饰品,130,方巾·粉,饰品,006
魔花手饰,饰品,130,红色手表,饰品,236
魔花手饰,饰品,130,铆钉手套,饰品,238
魔花手饰,饰品,130,/,,/
精灵长发,发型,537,写意,发型,517
精灵长发,发型,537,转校生·棕,发型,192
精灵长发,发型,537,小鹿,发型,124
精灵长发,发型,537,/,,/
光明精灵,连衣裙,415,画金屏,连衣裙,274
光明精灵,连衣裙,415,青花手链,饰品,526
光明精灵,连衣裙,415,女神领域,连衣裙,098
光明精灵,连衣裙,415,/,,/
仙雾森林,外套,222,暖茸,外套,041
仙雾森林,外套,222,沉默蔷薇,外套,116
仙雾森林,外套,222,雪山上的礼物,外套,125
仙雾森林,外套,222,/,,/
精灵腿环,袜子,214,思念徽章·粉,饰品,187
精灵腿环,袜子,214,草莓挞,下装,161
精灵腿环,袜子,214,暖枫糖,袜子,116
精灵腿环,袜子,214,/,,/
光明手杖,饰品,573,巧克力盒·黑,饰品,496
光明手杖,饰品,573,麋鹿小帽,饰品,122
光明手杖,饰品,573,绮丽手链,饰品,441
光明手杖,饰品,573,/,,/
黑天鹅之羽·梦,饰品,449,白天鹅之羽,饰品,459
黑天鹅之羽·梦,饰品,449,小夜曲,连衣裙,298
黑天鹅之羽·梦,饰品,449,心之影,上衣,294
黑天鹅之羽·梦,饰品,449,惑影,连衣裙,086
荒原的花,连衣裙,246,牛仔女郎,连衣裙,097
荒原的花,连衣裙,246,蒲公英的秘密,连衣裙,148
荒原的花,连衣裙,246,暖之舞,连衣裙,179
荒原的花,连衣裙,246,/,,/
荒原凉鞋,鞋子,394,鱼嘴凉鞋·白,鞋子,055
荒原凉鞋,鞋子,394,女战神,鞋子,456
荒原凉鞋,鞋子,394,珍珠发卡,饰品,321
荒原凉鞋,鞋子,394,/,,/
荒原头饰,饰品,271,绵羊T恤,上衣,288
荒原头饰,饰品,271,黄玫瑰,饰品,383
荒原头饰,饰品,271,霞母,饰品,133
荒原头饰,饰品,271,/,,/
高贵鹿后,发型,528,小安娜,发型,529
高贵鹿后,发型,528,小安娜,发型,529
高贵鹿后,发型,528,小鹿,发型,124
高贵鹿后,发型,528,/,,/
精灵鹿后,连衣裙,406,安娜小姐,连衣裙,407
精灵鹿后,连衣裙,406,安娜小姐,连衣裙,407
精灵鹿后,连衣裙,406,梦幻芭比,连衣裙,081
精灵鹿后,连衣裙,406,/,,/
鹿枝,鞋子,510,粉娃娃,鞋子,511
鹿枝,鞋子,510,粉娃娃,鞋子,511
鹿枝,鞋子,510,红皮鞋,鞋子,106
鹿枝,鞋子,510,/,,/
出尘精灵,妆容,020,轻粉颈饰,饰品,552
出尘精灵,妆容,020,轻粉颈饰,饰品,552
出尘精灵,妆容,020,轻粉手套,饰品,555
出尘精灵,妆容,020,北地英姿,妆容,004
精灵鹿角,饰品,548,粉蔷薇帽,饰品,549
精灵鹿角,饰品,548,粉蔷薇帽,饰品,549
精灵鹿角,饰品,548,轻粉手套,饰品,555
精灵鹿角,饰品,548,自然馈赠,饰品,177
音符·黑,发型,109,转校生·棕,发型,192
音符·黑,发型,109,麦穗,发型,094
音符·黑,发型,109,/,,/
音符·黑,发型,109,/,,/
梨院琳琅,连衣裙,066,馨朵·白,上衣,001
梨院琳琅,连衣裙,066,射线·白,上衣,045
梨院琳琅,连衣裙,066,金菊呈祥,连衣裙,065
梨院琳琅,连衣裙,066,/,,/
醉梦,鞋子,066,筝迹·黑,鞋子,038
醉梦,鞋子,066,居家拖鞋·白,鞋子,169
醉梦,鞋子,066,/,,/
醉梦,鞋子,066,/,,/
玲珑清心,发型,501,音乐公主,发型,067
玲珑清心,发型,501,中学少女,发型,071
玲珑清心,发型,501,小狮子,发型,093
玲珑清心,发型,501,冰境幽语,发型,061
玲珑手环,饰品,472,粉色风暴·下装,下装,260
玲珑手环,饰品,472,花朵发箍·粉,饰品,005
玲珑手环,饰品,472,雪绒球·小,饰品,351
玲珑手环,饰品,472,针织披肩·黄,饰品,060
玲珑戏蝶,饰品,473,粉色风暴·上衣,上衣,271
玲珑戏蝶,饰品,473,珍珠发卡,饰品,321
玲珑戏蝶,饰品,473,小女仆·袖口,饰品,087
玲珑戏蝶,饰品,473,苍翠叶,饰品,319
贵公子,连衣裙,256,枫女忍,连衣裙,127
贵公子,连衣裙,256,杏花阁,连衣裙,138
贵公子,连衣裙,256,OL的衬衫·白,上衣,035
贵公子,连衣裙,256,/,,/
蒙太古公子,外套,057,音学园·墨,外套,021
蒙太古公子,外套,057,葫芦串,发型,064
蒙太古公子,外套,057,针织背心·蓝,外套,008
蒙太古公子,外套,057,/,,/
名门公子,袜子,173,高腰皮裤,下装,111
名门公子,袜子,173,醇酒,下装,115
名门公子,袜子,173,爱心泡泡,袜子,059
名门公子,袜子,173,/,,/
战士,鞋子,099,居家拖鞋·白,鞋子,169
战士,鞋子,099,筝迹·黑,鞋子,038
战士,鞋子,099,/,,/
战士,鞋子,099,/,,/
玫瑰花,饰品,158,冰雪战士,发型,032
玫瑰花,饰品,158,深秋重逢,饰品,070
玫瑰花,饰品,158,海滩手环,饰品,245
玫瑰花,饰品,158,/,,/
月缘,发型,123,完美学长,发型,010
月缘,发型,123,摇滚女声·红,发型,179
月缘,发型,123,千枫,发型,133
月缘,发型,123,/,,/
美梦成真,连衣裙,077,安琪儿,连衣裙,025
美梦成真,连衣裙,077,紧身背心·黑,上衣,208
美梦成真,连衣裙,077,雪花雨,连衣裙,199
美梦成真,连衣裙,077,樱桃色拉,连衣裙,094
花嫁,鞋子,080,心焰,鞋子,065
花嫁,鞋子,080,灰色板鞋,鞋子,147
花嫁,鞋子,080,普通帆布鞋,鞋子,025
花嫁,鞋子,080,/,,/
梦纱,饰品,117,蛋糕点缀,饰品,217
梦纱,饰品,117,红斗篷,饰品,163
梦纱,饰品,117,暗夜项链,饰品,260
梦纱,饰品,117,从容,上衣,160
鲜柚,发型,165,恬静时光,发型,080
鲜柚,发型,165,狂野,发型,078
鲜柚,发型,165,/,,/
鲜柚,发型,165,/,,/
美食外卖员·衣,上衣,126,徘徊,上衣,162
美食外卖员·衣,上衣,126,萝蔓·蓝,上衣,007
美食外卖员·衣,上衣,126,/,,/
美食外卖员·衣,上衣,126,/,,/
美食外卖员·裙,下装,147,大喵背带裙·蓝,下装,011
美食外卖员·裙,下装,147,神表情,下装,223
美食外卖员·裙,下装,147,/,,/
美食外卖员·裙,下装,147,/,,/
田园披萨,鞋子,351,灰色板鞋,鞋子,147
田园披萨,鞋子,351,温雅侍者·鞋,鞋子,344
田园披萨,鞋子,351,/,,/
田园披萨,鞋子,351,/,,/
小围裙,饰品,205,白色腰带,饰品,065
小围裙,饰品,205,时间观念,饰品,013
小围裙,饰品,205,雪绒球·小,饰品,351
小围裙,饰品,205,/,,/
墨兰画卷,发型,508,庄园娇花,发型,506
墨兰画卷,发型,508,知心姐姐,发型,200
墨兰画卷,发型,508,/,,/
墨兰画卷,发型,508,/,,/
墨兰卷,连衣裙,392,小帆船,连衣裙,371
墨兰卷,连衣裙,392,香草奶昔,袜子,040
墨兰卷,连衣裙,392,金扣结·白,饰品,464
墨兰卷,连衣裙,392,校服裙,连衣裙,349
兰痕,鞋子,491,蓝花蕊,鞋子,489
兰痕,鞋子,491,英伦鞋·白,鞋子,212
兰痕,鞋子,491,/,,/
兰痕,鞋子,491,/,,/
墨兰扇,饰品,486,兰佩,饰品,151
墨兰扇,饰品,486,碎花头箍,饰品,487
墨兰扇,饰品,486,时尚先驱·弟,饰品,466
墨兰扇,饰品,486,/,,/
人间四月天,发型,144,律政佳人,发型,116
人间四月天,发型,144,眷雅公子,发型,007
人间四月天,发型,144,/,,/
人间四月天,发型,144,/,,/
民国校服,上衣,095,全棉上衣·褐,上衣,172
民国校服,上衣,095,风情·白,上衣,029
民国校服,上衣,095,OL的衬衫·白,上衣,035
民国校服,上衣,095,/,,/
民国少女,下装,102,经典牛仔裤,下装,049
民国少女,下装,102,裁缝班·卡其,下装,045
民国少女,下装,102,/,,/
民国少女,下装,102,/,,/
玉蝉,发型,535,千枫,发型,133
玉蝉,发型,535,神仙姐姐,发型,435
玉蝉,发型,535,/,,/
玉蝉,发型,535,/,,/
山茶春色,连衣裙,413,烈火女神,连衣裙,019
山茶春色,连衣裙,413,巧克力盒·黑,饰品,496
山茶春色,连衣裙,413,杏花阁,连衣裙,138
山茶春色,连衣裙,413,/,,/
茶花纱缎,外套,226,兰情,袜子,101
茶花纱缎,外套,226,蓝空少女,连衣裙,237
茶花纱缎,外套,226,伯爵夫人的披肩,外套,083
茶花纱缎,外套,226,/,,/
盼春,鞋子,517,鬼姬,发型,136
盼春,鞋子,517,晴天·绿,鞋子,109
盼春,鞋子,517,/,,/
盼春,鞋子,517,/,,/
山茶钗,饰品,562,碎花头箍,饰品,487
山茶钗,饰品,562,纯爱花饰,饰品,118
山茶钗,饰品,562,/,,/
山茶钗,饰品,562,/,,/
黛瑶,发型,514,花钿妆·蕊,妆容,016
黛瑶,发型,514,流霞缎,外套,213
黛瑶,发型,514,容颜,发型,532
黛瑶,发型,514,精灵长发,发型,537
韶颜倾城,连衣裙,397,黛瑶,发型,514
韶颜倾城,连衣裙,397,姹紫嫣红,连衣裙,410
韶颜倾城,连衣裙,397,光明精灵,连衣裙,415
韶颜倾城,连衣裙,397,蝶兰抹胸,上衣,091
流霞缎,外套,213,绣锦履,鞋子,497
流霞缎,外套,213,仙雾森林,外套,222
流霞缎,外套,213,荷花吟·上衣,上衣,357
流霞缎,外套,213,粉翼,外套,055
绣锦履,鞋子,497,莺蕊,饰品,518
绣锦履,鞋子,497,嫣红履,鞋子,514
绣锦履,鞋子,497,精灵腿环,袜子,214
绣锦履,鞋子,497,梦兰,鞋子,096
花钿妆·蕊,妆容,016,落蕊珠,饰品,520
花钿妆·蕊,妆容,016,胡萝卜美梦,妆容,021
花钿妆·蕊,妆容,016,荷花吟·裙,下装,337
花钿妆·蕊,妆容,016,/,,/
韵花枝,饰品,517,蝴蝶舞,饰品,519
韵花枝,饰品,517,光明手杖,饰品,573
韵花枝,饰品,517,琥珀花,饰品,535
韵花枝,饰品,517,迷彩手套,饰品,505
莺蕊,饰品,518,蝴蝶兰,下装,099
莺蕊,饰品,518,紫色头纱,饰品,558
莺蕊,饰品,518,蝴蝶,发型,140
莺蕊,饰品,518,少女心事·蓝,连衣裙,374
落蕊珠,饰品,520,韵花枝,饰品,517
落蕊珠,饰品,520,牛仔围巾,饰品,079
落蕊珠,饰品,520,兰佩,饰品,151
落蕊珠,饰品,520,血枫缎,饰品,139
温柔医生,外套,076,针织背心·蓝,外套,008
温柔医生,外套,076,风度·蓝,外套,001
温柔医生,外套,076,枫女忍,连衣裙,127
温柔医生,外套,076,/,,/
邻班女生,发型,523,鸳鸯奶茶,发型,518
邻班女生,发型,523,砂砾·粉,发型,421
邻班女生,发型,523,仁德,发型,166
邻班女生,发型,523,/,,/
校园风演出服,上衣,358,职业秘书·裤,下装,319
校园风演出服,上衣,358,图书馆·粉,上衣,047
校园风演出服,上衣,358,职业秘书·衣,上衣,340
校园风演出服,上衣,358,/,,/
时空穿越,下装,338,扑克小姐,下装,242
时空穿越,下装,338,格调短裙·棕,下装,004
时空穿越,下装,338,优雅瓷砖,下装,169
时空穿越,下装,338,/,,/
吊带短袜,袜子,213,灰点点,袜子,207
吊带短袜,袜子,213,绅士礼仪·黑,袜子,156
吊带短袜,袜子,213,粉色条纹袜,袜子,083
吊带短袜,袜子,213,/,,/
雀跃,鞋子,505,碎花头箍,饰品,487
雀跃,鞋子,505,高跟领域·黑,鞋子,422
雀跃,鞋子,505,甜点,鞋子,340
雀跃,鞋子,505,/,,/
校园梦想,饰品,538,双蝶,饰品,489
校园梦想,饰品,538,蒲公英的秘密,连衣裙,148
校园梦想,饰品,538,红色头巾,饰品,409
校园梦想,饰品,538,/,,/
水墨青花,连衣裙,399,上海滩,连衣裙,073
水墨青花,连衣裙,399,暖秋·黄,连衣裙,155
水墨青花,连衣裙,399,信鸽庄园,连衣裙,176
水墨青花,连衣裙,399,/,,/
青花礼鞋,鞋子,499,山茶枝,饰品,561
青花礼鞋,鞋子,499,枫忍,鞋子,089
青花礼鞋,鞋子,499,高筒雪地靴·棕,鞋子,281
青花礼鞋,鞋子,499,/,,/
青花发箍,饰品,524,古墓谪仙,连衣裙,126
青花发箍,饰品,524,写意,发型,517
青花发箍,饰品,524,/,,/
青花发箍,饰品,524,/,,/
青花项链,饰品,525,墨兰卷,连衣裙,392
青花项链,饰品,525,樱桃耳环·小,饰品,490
青花项链,饰品,525,/,,/
青花项链,饰品,525,/,,/
甜蜜夹心,下装,135,风度·蓝,外套,001
甜蜜夹心,下装,135,随性短裤·蓝,下装,001
甜蜜夹心,下装,135,运动服·绿,上衣,182
甜蜜夹心,下装,135,/,,/
甜食,袜子,132,黑色条纹,袜子,024
甜食,袜子,132,学生棉袜·蓝,袜子,006
甜食,袜子,132,/,,/
甜食,袜子,132,/,,/
条纹绅士·外套,外套,215,森歌,外套,218
条纹绅士·外套,外套,215,粉翼,外套,055
条纹绅士·外套,外套,215,明信片铁盒,外套,105
条纹绅士·外套,外套,215,/,,/
丝绸衬衫,上衣,354,粉色机翼,上衣,215
丝绸衬衫,上衣,354,红马甲,上衣,096
丝绸衬衫,上衣,354,生长·白,上衣,216
丝绸衬衫,上衣,354,/,,/
条纹绅士·长裤,下装,334,复古蓝宝石,下装,232
条纹绅士·长裤,下装,334,优雅瓷砖,下装,169
条纹绅士·长裤,下装,334,红围裙,下装,103
条纹绅士·长裤,下装,334,/,,/
布洛克绅士,鞋子,500,枫忍,鞋子,089
布洛克绅士,鞋子,500,少女心·粉,鞋子,449
布洛克绅士,鞋子,500,/,,/
布洛克绅士,鞋子,500,/,,/
兔女郎,连衣裙,165,糕点帽,饰品,200
兔女郎,连衣裙,165,黑色条纹,袜子,024
兔女郎,连衣裙,165,学生棉袜·蓝,袜子,006
兔女郎,连衣裙,165,向阳花,发型,053
兔女郎高跟鞋,鞋子,348,俏马尾,发型,046
兔女郎高跟鞋,鞋子,348,珠泪·粉,鞋子,014
兔女郎高跟鞋,鞋子,348,简约凉鞋·黑,鞋子,001
兔女郎高跟鞋,鞋子,348,/,,/
西域舞娘,发型,154,可人,发型,076
西域舞娘,发型,154,完美学长,发型,010
西域舞娘,发型,154,/,,/
西域舞娘,发型,154,/,,/
舞娘纱裙,下装,259,花边短裤·灰,下装,078
舞娘纱裙,下装,259,随性短裤·蓝,下装,001
舞娘纱裙,下装,259,暗恋故事·蓝,下装,037
舞娘纱裙,下装,259,/,,/
舞娘头纱,饰品,172,茶聚,饰品,255
舞娘头纱,饰品,172,方巾·黄,饰品,008
舞娘头纱,饰品,172,薄纱披肩,饰品,035
舞娘头纱,饰品,172,/,,/
少年游,发型,504,狂野,发型,078
少年游,发型,504,罗密欧,发型,143
少年游,发型,504,/,,/
少年游,发型,504,/,,/
游侠,上衣,346,船锚上衣·蓝,上衣,341
游侠,上衣,346,牛仔小妞,外套,036
游侠,上衣,346,真丝睡衣·白,连衣裙,351
游侠,上衣,346,/,,/
布帛绑袜,下装,327,职业短裙·蓝,下装,285
布帛绑袜,下装,327,少女心事·蓝,连衣裙,374
布帛绑袜,下装,327,青草地,下装,156
布帛绑袜,下装,327,沉默蔷薇,外套,116
墨鞍靴,鞋子,488,花落海,鞋子,073
墨鞍靴,鞋子,488,黑夜哥特,鞋子,084
墨鞍靴,鞋子,488,/,,/
墨鞍靴,鞋子,488,/,,/
浅露,饰品,481,蔚海,饰品,134
浅露,饰品,481,荒原拎包,饰品,273
浅露,饰品,481,/,,/
浅露,饰品,481,/,,/
麒麟剑,饰品,483,碎花头箍,饰品,487
麒麟剑,饰品,483,沙华,饰品,145
麒麟剑,饰品,483,狐面,饰品,141
麒麟剑,饰品,483,/,,/
面窗纱,饰品,482,黑色花雕,饰品,128
面窗纱,饰品,482,血枫缎,饰品,139
面窗纱,饰品,482,/,,/
面窗纱,饰品,482,/,,/
香粽少女,发型,497,香罗粽,饰品,461
香粽少女,发型,497,名媛淑女,发型,451
香粽少女,发型,497,/,,/
香粽少女,发型,497,/,,/
香罗端午,连衣裙,344,香罗粽,饰品,461
香罗端午,连衣裙,344,蒲公英的秘密,连衣裙,148
香罗端午,连衣裙,344,/,,/
香罗端午,连衣裙,344,/,,/
香罗袜,袜子,205,香罗粽,饰品,461
香罗袜,袜子,205,虔诚之花·袜,袜子,140
香罗袜,袜子,205,/,,/
香罗袜,袜子,205,/,,/
荷叶履,鞋子,484,香罗粽,饰品,461
荷叶履,鞋子,484,尖头珍珠,鞋子,186
荷叶履,鞋子,484,/,,/
荷叶履,鞋子,484,/,,/
荷叶结,饰品,460,香罗粽,饰品,461
荷叶结,饰品,460,纯爱花饰,饰品,118
荷叶结,饰品,460,/,,/
荷叶结,饰品,460,/,,/
艾叶手环,饰品,462,香罗粽,饰品,461
艾叶手环,饰品,462,金属手圈,饰品,317
艾叶手环,饰品,462,/,,/
艾叶手环,饰品,462,/,,/
香罗粽,饰品,461,薄纱披肩,饰品,035
香罗粽,饰品,461,白色腰带,饰品,065
香罗粽,饰品,461,/,,/
香罗粽,饰品,461,/,,/
小龙女,发型,131,古墓谪仙,连衣裙,126
小龙女,发型,131,白锦履,鞋子,087
小龙女,发型,131,/,,/
小龙女,发型,131,/,,/
古墓谪仙,连衣裙,126,真丝睡衣·白,连衣裙,351
古墓谪仙,连衣裙,126,暖之舞,连衣裙,179
古墓谪仙,连衣裙,126,星光曲·紫,连衣裙,040
古墓谪仙,连衣裙,126,杏花阁,连衣裙,138
白锦履,鞋子,087,樱桃耳环·小,饰品,490
白锦履,鞋子,087,高筒雪地靴·棕,鞋子,281
白锦履,鞋子,087,/,,/
白锦履,鞋子,087,/,,/
舞之星,发型,125,鬼姬,发型,136
舞之星,发型,125,千枫,发型,133
舞之星,发型,125,小红帽,发型,148
舞之星,发型,125,星海链,饰品,126
星之海,连衣裙,080,上海滩,连衣裙,073
星之海,连衣裙,080,小女仆,连衣裙,068
星之海,连衣裙,080,星之海舞鞋,鞋子,082
星之海,连衣裙,080,舞之星,发型,125
星之海舞鞋,鞋子,082,甜心巧克力,鞋子,069
星之海舞鞋,鞋子,082,火照,鞋子,092
星之海舞鞋,鞋子,082,红皮鞋,鞋子,106
星之海舞鞋,鞋子,082,星海手套,饰品,127
星海链,饰品,126,小女仆·颈饰,饰品,084
星海链,饰品,126,花满,饰品,094
星海链,饰品,126,海上珠,饰品,100
星海链,饰品,126,星茫,饰品,125
星海手套,饰品,127,小女仆·袖口,饰品,087
星海手套,饰品,127,海上珠链,饰品,103
星海手套,饰品,127,花开,饰品,097
星海手套,饰品,127,星茫,饰品,125
叛逆,外套,040,针织背心·蓝,外套,008
叛逆,外套,040,卡布奇诺,外套,033
叛逆,外套,040,/,,/
叛逆,外套,040,/,,/
性感不良·热裤,下装,093,随性短裤·蓝,下装,001
性感不良·热裤,下装,093,随性短裤·蓝,下装,001
性感不良·热裤,下装,093,/,,/
性感不良·热裤,下装,093,/,,/
战火·黑,鞋子,078,海星凉拖,鞋子,382
战火·黑,鞋子,078,普通帆布鞋,鞋子,025
战火·黑,鞋子,078,/,,/
战火·黑,鞋子,078,/,,/
熊猫睡衣·上装,上衣,080,飘,连衣裙,120
熊猫睡衣·上装,上衣,080,全棉上衣·褐,上衣,172
熊猫睡衣·上装,上衣,080,/,,/
熊猫睡衣·上装,上衣,080,/,,/
熊猫睡衣·裤子,下装,091,乐队主唱,下装,048
熊猫睡衣·裤子,下装,091,运动中裤,下装,114
熊猫睡衣·裤子,下装,091,/,,/
熊猫睡衣·裤子,下装,091,/,,/
熊猫睡衣·睡帽,饰品,110,风情·白,上衣,029
熊猫睡衣·睡帽,饰品,110,从容,上衣,160
熊猫睡衣·睡帽,饰品,110,/,,/
熊猫睡衣·睡帽,饰品,110,/,,/
硬式咆哮,外套,135,个性少女,发型,187
硬式咆哮,外套,135,风情·白,上衣,029
硬式咆哮,外套,135,/,,/
硬式咆哮,外套,135,/,,/
铆钉抹胸,上衣,137,全棉上衣·褐,上衣,172
铆钉抹胸,上衣,137,运动服·绿,上衣,182
铆钉抹胸,上衣,137,/,,/
铆钉抹胸,上衣,137,/,,/
摇滚歌手,下装,157,电视机,下装,199
摇滚歌手,下装,157,冰雪战士,发型,032
摇滚歌手,下装,157,/,,/
摇滚歌手,下装,157,/,,/
淑兰,发型,146,完美学长,发型,010
淑兰,发型,146,眷雅公子,发型,007
淑兰,发型,146,/,,/
淑兰,发型,146,/,,/
幽兰曲裾,连衣裙,137,茵萝,外套,012
幽兰曲裾,连衣裙,137,黑白银河,连衣裙,220
幽兰曲裾,连衣裙,137,/,,/
幽兰曲裾,连衣裙,137,/,,/
兰猗,鞋子,103,简约凉鞋·黑,鞋子,001
兰猗,鞋子,103,普通帆布鞋,鞋子,025
兰猗,鞋子,103,/,,/
兰猗,鞋子,103,/,,/
特别行动,外套,149,普通帆布鞋,鞋子,025
特别行动,外套,149,牛仔小妞,外套,036
特别行动,外套,149,/,,/
特别行动,外套,149,/,,/
超级特工·衣,上衣,243,秋日甜心·绿,上衣,064
超级特工·衣,上衣,243,个性少女,发型,187
超级特工·衣,上衣,243,水沐,发型,129
超级特工·衣,上衣,243,蓝短裙,下装,209
超级特工·裤,下装,247,经典牛仔裤,下装,049
超级特工·裤,下装,247,芬芳·粉,上衣,179
超级特工·裤,下装,247,花边短裤·灰,下装,078
超级特工·裤,下装,247,/,,/
超级特工·鞋,鞋子,395,珠泪·粉,鞋子,014
超级特工·鞋,鞋子,395,醉梦,鞋子,066
超级特工·鞋,鞋子,395,普通帆布鞋,鞋子,025
超级特工·鞋,鞋子,395,/,,/
鲤趣,鞋子,543,先锋拖鞋,鞋子,372
鲤趣,鞋子,543,花落海,鞋子,073
鲤趣,鞋子,543,职业秘书·衣,上衣,340
鲤趣,鞋子,543,/,,/
游鲤图·上衣,上衣,377,冬愿,上衣,372
游鲤图·上衣,上衣,377,居家拖鞋·白,鞋子,169
游鲤图·上衣,上衣,377,学海无涯,上衣,339
游鲤图·上衣,上衣,377,鲤趣,鞋子,543
游鲤图·下装,下装,348,纯白牛仔,下装,346
游鲤图·下装,下装,348,野餐布,连衣裙,119
游鲤图·下装,下装,348,全面发展,下装,318
游鲤图·下装,下装,348,/,,/
游鲤,发型,580,砂砾·粉,发型,421
游鲤,发型,580,游鲤图·上衣,上衣,377
游鲤,发型,580,游鲤图·下装,下装,348
游鲤,发型,580,/,,/
锦鲤包,饰品,663,兔子兜·粉,上衣,018
锦鲤包,饰品,663,紫色头纱,饰品,558
锦鲤包,饰品,663,校服短裙·绿,下装,320
锦鲤包,饰品,663,/,,/
兔子兜·粉,上衣,018,萝蔓·蓝,上衣,007
兔子兜·粉,上衣,018,记者的衣橱·蓝,上衣,031
兔子兜·粉,上衣,018,馨朵·白,上衣,001
兔子兜·粉,上衣,018,/,,/
恒温·棕,发型,578,圣修女,发型,573
恒温·棕,发型,578,绮乐,发型,492
恒温·棕,发型,578,枫叶头箍,饰品,661
恒温·棕,发型,578,冰雪枫叶,饰品,662
枫叶温度·红,连衣裙,487,图书馆少女,连衣裙,476
枫叶温度·红,连衣裙,487,上海滩,连衣裙,073
枫叶温度·红,连衣裙,487,迷梦金蕊,连衣裙,110
枫叶温度·红,连衣裙,487,枫叶大衣,外套,243
枫叶大衣,外套,243,沉默蔷薇,外套,116
枫叶大衣,外套,243,牛仔小妞,外套,036
枫叶大衣,外套,243,西装外套,外套,137
枫叶大衣,外套,243,/,,/
麻花袜·黑,袜子,233,及膝丝袜·黑,袜子,209
麻花袜·黑,袜子,233,童话故事·华丽,袜子,106
麻花袜·黑,袜子,233,吸血花蕊,袜子,050
麻花袜·黑,袜子,233,/,,/
枫海,鞋子,542,拂绿,鞋子,061
枫海,鞋子,542,温雅侍者·鞋,,/
枫海,鞋子,542,/,,/
枫海,鞋子,542,/,,/
枫叶头箍,饰品,661,思念徽章·粉,饰品,187
枫叶头箍,饰品,661,钟情耳环,饰品,488
枫叶头箍,饰品,661,乐园蝴蝶结,饰品,438
枫叶头箍,饰品,661,/,,/
冰雪枫叶,饰品,662,青柠派,饰品,635
冰雪枫叶,饰品,662,绒绒手袖,饰品,578
冰雪枫叶,饰品,662,红色头巾,饰品,409
冰雪枫叶,饰品,662,/,,/
废墟少女,发型,576,未来少女·金,发型,365
废墟少女,发型,576,未来时空,连衣裙,485
废墟少女,发型,576,时空手套,饰品,657
废墟少女,发型,576,/,,/
未来时空,连衣裙,485,山杏叶,连衣裙,295
未来时空,连衣裙,485,出海者·蓝,连衣裙,369
未来时空,连衣裙,485,信鸽庄园,连衣裙,176
未来时空,连衣裙,485,金属领空,鞋子,540
科灵,袜子,231,古典短袜·红,袜子,226
科灵,袜子,231,裱花蕾丝·粉,袜子,121
科灵,袜子,231,/,,/
科灵,袜子,231,/,,/
金属领空,鞋子,540,花苞球·白,鞋子,129
金属领空,鞋子,540,拂绿,鞋子,061
金属领空,鞋子,540,雨林花,鞋子,486
金属领空,鞋子,540,科灵,袜子,231
时空发卡,饰品,655,轻松泡泡,饰品,641
时空发卡,饰品,655,糖果手饰,饰品,642
时空发卡,饰品,655,乐园蝴蝶结,饰品,438
时空发卡,饰品,655,/,,/
时空颈圈,饰品,656,菱格拎包·雪,,/
时空颈圈,饰品,656,普通外套,外套,102
时空颈圈,饰品,656,梦恋园,袜子,201
时空颈圈,饰品,656,时空发卡,饰品,655
时空手套,饰品,657,果糖,鞋子,534
时空手套,饰品,657,凝霞,鞋子,533
时空手套,饰品,657,粉兔子,鞋子,480
时空手套,饰品,657,时空颈圈,饰品,656
娜塔莎,发型,581,小发带·棕,发型,567
娜塔莎,发型,581,刺客信念,连衣裙,489
娜塔莎,发型,581,蘑菇头,发型,275
娜塔莎,发型,581,/,,/
刺客信念,连衣裙,489,青苹果汽水,连衣裙,473
刺客信念,连衣裙,489,凉爽夏天,连衣裙,087
刺客信念,连衣裙,489,刺客,袜子,236
刺客信念,连衣裙,489,利刃,饰品,665
刺客,袜子,236,古典短袜·红,袜子,226
刺客,袜子,236,方巾·粉,饰品,006
刺客,袜子,236,轻薄丝袜,袜子,066
刺客,袜子,236,普通外套,外套,102
刀光倩影,鞋子,544,雨林花,鞋子,486
刀光倩影,鞋子,544,凝霞,鞋子,533
刀光倩影,鞋子,544,粉兔子,鞋子,480
刀光倩影,鞋子,544,/,,/
利刃,饰品,665,巧克力盒·黑,饰品,496
利刃,饰品,665,宽檐礼帽,饰品,484
利刃,饰品,665,绮丽手链,饰品,441
利刃,饰品,665,/,,/
部落少女·亚麻,发型,614,容颜,发型,532
部落少女·亚麻,发型,614,小发带·棕,发型,567
部落少女·亚麻,发型,614,水母小姐,连衣裙,124
部落少女·亚麻,发型,614,/,,/
大地图腾,连衣裙,518,吊带连衣裙·黑,连衣裙,525
大地图腾,连衣裙,518,奶茶店主,发型,631
大地图腾,连衣裙,518,宽檐礼帽,饰品,484
大地图腾,连衣裙,518,跃动少女,发型,648
部落精神,外套,256,半色调·灰,外套,261
部落精神,外套,256,绒绒手袖,饰品,578
部落精神,外套,256,热夏·红,外套,269
部落精神,外套,256,/,,/
绑带皮靴,鞋子,564,红皮鞋,鞋子,106
绑带皮靴,鞋子,564,凝霞,,/
绑带皮靴,鞋子,564,高筒雪地靴·棕,鞋子,281
绑带皮靴,鞋子,564,/,,/
荒漠,饰品,726,兔球球,饰品,582
荒漠,饰品,726,紫色头纱,饰品,558
荒漠,饰品,726,自然馈赠,饰品,177
荒漠,饰品,726,/,,/
野性颈圈,饰品,727,青柠派,饰品,635
野性颈圈,饰品,727,半色调·灰,外套,261
野性颈圈,饰品,727,珍珠项链·玫瑰,饰品,408
野性颈圈,饰品,727,/,,/
部落臂环,饰品,728,毛绒兔耳,饰品,576
部落臂环,饰品,728,青柠派,饰品,635
部落臂环,饰品,728,红色头巾,饰品,409
部落臂环,饰品,728,/,,/
结绳记事,饰品,729,山茶枝,饰品,561
结绳记事,饰品,729,紫色头纱,饰品,558
结绳记事,饰品,729,绮丽手链,饰品,441
结绳记事,饰品,729,/,,/
荒原挎包,饰品,730,紫色头纱,饰品,558
荒原挎包,饰品,730,白色鱼尾裙,下装,361
荒原挎包,饰品,730,草莓布丁,鞋子,589
荒原挎包,饰品,730,/,,/
刺客腰饰,饰品,664,菱格拎包·红,饰品,638
刺客腰饰,饰品,664,出海者·蓝,连衣裙,369
刺客腰饰,饰品,664,乐园蝴蝶结,饰品,438
刺客腰饰,饰品,664,/,,/
刺客手套,饰品,666,图书馆少女,连衣裙,476
刺客手套,饰品,666,沙华,饰品,145
刺客手套,饰品,666,蘑菇头,发型,275
刺客手套,饰品,666,/,,/
精灵耳饰,饰品,568,暖秋·黄,连衣裙,155
精灵耳饰,饰品,568,珍珠项链·玫瑰,饰品,408
精灵耳饰,饰品,568,/,,/
精灵耳饰,饰品,568,/,,/
精灵头饰,饰品,570,沉默蔷薇,外套,116
精灵头饰,饰品,570,花朵发箍·蓝,饰品,004
精灵头饰,饰品,570,/,,/
精灵头饰,饰品,570,/,,/
精灵颈饰,饰品,572,红马甲,上衣,096
精灵颈饰,饰品,572,蓝钻耳环,饰品,334
精灵颈饰,饰品,572,/,,/
精灵颈饰,饰品,572,/,,/
金箔珠宝,发型,660,鬼姬,发型,136
金箔珠宝,发型,660,跃动少女,发型,648
金箔珠宝,发型,660,/,,/
金箔珠宝,发型,660,/,,/
黑白名媛,上衣,404,粉色机翼,上衣,215
黑白名媛,上衣,404,热夏·红,外套,269
黑白名媛,上衣,404,/,,/
黑白名媛,上衣,404,/,,/
夜色如歌,下装,371,复古蓝宝石,下装,232
夜色如歌,下装,371,赤焰蝴蝶结,饰品,786
夜色如歌,下装,371,/,,/
夜色如歌,下装,371,/,,/
金叶淑女,鞋子,603,枫忍,鞋子,089
金叶淑女,鞋子,603,草莓布丁,鞋子,589
金叶淑女,鞋子,603,/,,/
金叶淑女,鞋子,603,/,,/
夜蔷薇,饰品,822,沙华,饰品,145
夜蔷薇,饰品,822,Nikki颈圈·红,饰品,803
夜蔷薇,饰品,822,/,,/
夜蔷薇,饰品,822,/,,/
淑女复古帽,饰品,823,山茶枝,饰品,561
淑女复古帽,饰品,823,蝴蝶结手链·红,饰品,784
淑女复古帽,饰品,823,/,,/
淑女复古帽,饰品,823,/,,/
小狐妖,发型,546,白绣球,鞋子,525
小狐妖,发型,546,红娘秘籍,饰品,601
小狐妖,发型,546,狐妖小红娘,连衣裙,431
小狐妖,发型,546,/,,/
冰原勇士,发型,612,奢华绅士,发型,630
冰原勇士,发型,612,容颜,发型,532
冰原勇士,发型,612,提线娃娃·黑,发型,239
冰原勇士,发型,612,/,,/
陆军少校,外套,254,青苹果汽水,连衣裙,473
陆军少校,外套,254,花落海,鞋子,073
陆军少校,外套,254,小烤箱,外套,146
陆军少校,外套,254,/,,/
陆军背心,上衣,382,都市丽人,上衣,390
陆军背心,上衣,382,出海者·蓝,连衣裙,369
陆军背心,上衣,382,Nikki颈圈·红,饰品,803
陆军背心,上衣,382,/,,/
棕色军装裤,下装,353,白色鱼尾裙,下装,361
棕色军装裤,下装,353,阴天,连衣裙,117
棕色军装裤,下装,353,蝴蝶结手链·红,饰品,784
棕色军装裤,下装,353,/,,/
过膝军靴,鞋子,563,先锋拖鞋,鞋子,372
过膝军靴,鞋子,563,拂绿,鞋子,061
过膝军靴,鞋子,563,首席特助·鞋,鞋子,392
过膝军靴,鞋子,563,/,,/
陆军宽檐帽,饰品,720,露脐背心·白,上衣,343
陆军宽檐帽,饰品,720,绒绒手袖,饰品,578
陆军宽檐帽,饰品,720,自然馈赠,饰品,177
陆军宽檐帽,饰品,720,军官手枪,袜子,243
长款皮手套,饰品,722,黑色条纹,袜子,024
长款皮手套,饰品,722,落铃,发型,439
长款皮手套,饰品,722,特工手套,饰品,275
长款皮手套,饰品,722,铆钉手套,饰品,238
星云,发型,622,奢华绅士,发型,630
星云,发型,622,垂耳兔,发型,541
星云,发型,622,砂砾·粉,发型,421
星云,发型,622,/,,/
纱网,外套,259,半色调·灰,外套,261
纱网,外套,259,森歌,外套,218
纱网,外套,259,绿格子,外套,086
纱网,外套,259,/,,/
魔力,上衣,386,半色调·灰,外套,261
魔力,上衣,386,胡萝卜包,饰品,577
魔力,上衣,386,赤焰蝴蝶结,饰品,786
魔力,上衣,386,/,,/
前沿少女,下装,357,老师衣橱·蓝,连衣裙,048
前沿少女,下装,357,转校生·棕,发型,192
前沿少女,下装,357,容颜,发型,532
前沿少女,下装,357,Nikki泳圈·黄,饰品,785
灰白条,袜子,246,及膝丝袜·黑,袜子,209
灰白条,袜子,246,兔子的最爱,袜子,217
灰白条,袜子,246,童真的雾,袜子,202
灰白条,袜子,246,钻石挎包,饰品,739
高帮松糕鞋,鞋子,568,普通帆布鞋,鞋子,025
高帮松糕鞋,鞋子,568,开拓,鞋子,067
高帮松糕鞋,鞋子,568,普通高跟鞋·黑,鞋子,157
高帮松糕鞋,鞋子,568,/,,/
黑色棒球帽,饰品,735,转校生·棕,发型,192
黑色棒球帽,饰品,735,空羽,上衣,153
黑色棒球帽,饰品,735,欧式礼帽·蓝,饰品,057
黑色棒球帽,饰品,735,/,,/
圆形墨镜,饰品,736,时尚先驱·弟,饰品,466
圆形墨镜,饰品,736,时尚先驱·弟,饰品,466
圆形墨镜,饰品,736,时尚先驱·弟,饰品,466
圆形墨镜,饰品,736,学霸的目光,饰品,456
十字吊坠,饰品,737,山茶枝,饰品,561
十字吊坠,饰品,737,拂绿,鞋子,061
十字吊坠,饰品,737,普通高跟鞋·黑,鞋子,157
十字吊坠,饰品,737,/,,/
青春旋律·轻粉,发型,617,奶茶店主,发型,631
青春旋律·轻粉,发型,617,千枫,发型,133
青春旋律·轻粉,发型,617,小护士,发型,108
青春旋律·轻粉,发型,617,/,,/
学士服,连衣裙,520,黑色迷宫,连衣裙,527
学士服,连衣裙,520,绒绒手袖,饰品,578
学士服,连衣裙,520,轻粉蝶,连衣裙,115
学士服,连衣裙,520,Nikki泳圈·黄,饰品,785
致年少,鞋子,565,学海无涯,上衣,339
致年少,鞋子,565,全面发展,下装,318
致年少,鞋子,565,考试秘籍,饰品,457
致年少,鞋子,565,小公主·衣,上衣,392
毕业卷轴,饰品,732,都市丽人,上衣,390
毕业卷轴,饰品,732,老师衣橱·蓝,连衣裙,048
毕业卷轴,饰品,732,星愿项链,饰品,244
毕业卷轴,饰品,732,学士帽,饰品,731
桃花小妹,发型,544,可人,发型,076
桃花小妹,发型,544,科学家,发型,013
桃花小妹,发型,544,/,,/
桃花小妹,发型,544,/,,/
桃花歌,连衣裙,429,枫女忍,连衣裙,127
桃花歌,连衣裙,429,点灯的星,连衣裙,218
桃花歌,连衣裙,429,/,,/
桃花歌,连衣裙,429,/,,/
桃花履,鞋子,523,沉默年代,鞋子,242
桃花履,鞋子,523,简约凉鞋·黑,鞋子,001
桃花履,鞋子,523,/,,/
桃花履,鞋子,523,/,,/
桃花香囊,饰品,596,蝴蝶结头饰·红,饰品,001
桃花香囊,饰品,596,星愿项链,饰品,244
桃花香囊,饰品,596,/,,/
桃花香囊,饰品,596,/,,/
桃花伞,饰品,597,糖果心·项链,饰品,221
桃花伞,饰品,597,紫结领,饰品,316
桃花伞,饰品,597,/,,/
桃花伞,饰品,597,/,,/
夕夜,发型,545,杨柳,发型,105
夕夜,发型,545,小护士,发型,108
夕夜,发型,545,/,,/
夕夜,发型,545,/,,/
夕夜迢迢,连衣裙,430,森女鹿,连衣裙,078
夕夜迢迢,连衣裙,430,蝴蝶结之梦·黄,连衣裙,035
夕夜迢迢,连衣裙,430,/,,/
夕夜迢迢,连衣裙,430,/,,/
翡翠璧,鞋子,524,火照,鞋子,092
翡翠璧,鞋子,524,云烟,鞋子,100
翡翠璧,鞋子,524,/,,/
翡翠璧,鞋子,524,/,,/
衔钗雀,饰品,598,海上珠,饰品,100
衔钗雀,饰品,598,红色头巾,饰品,409
衔钗雀,饰品,598,/,,/
衔钗雀,饰品,598,/,,/
翠玉镯,饰品,599,霞母,饰品,133
翠玉镯,饰品,599,狐面,饰品,141
翠玉镯,饰品,599,/,,/
翠玉镯,饰品,599,/,,/
翡翠环,饰品,600,小女仆·颈饰,饰品,084
翡翠环,饰品,600,自然馈赠,饰品,177
翡翠环,饰品,600,/,,/
翡翠环,饰品,600,/,,/
相思迢迢,妆容,022,浪带,饰品,135
相思迢迢,妆容,022,北地英姿,妆容,004
相思迢迢,妆容,022,/,,/
相思迢迢,妆容,022,/,,/
丹心白发,发型,633,冰境幽语,发型,061
丹心白发,发型,633,寒月,饰品,759
丹心白发,发型,633,/,,/
丹心白发,发型,633,/,,/
月宫蟾兔·朱红,连衣裙,544,茶话会,连衣裙,189
月宫蟾兔·朱红,连衣裙,544,寒月,饰品,759
月宫蟾兔·朱红,连衣裙,544,/,,/
月宫蟾兔·朱红,连衣裙,544,/,,/
月宫·落霞,鞋子,578,温雅侍者·鞋,鞋子,344
月宫·落霞,鞋子,578,寒月,饰品,759
月宫·落霞,鞋子,578,/,,/
月宫·落霞,鞋子,578,/,,/
广寒坠,饰品,753,豪门耳环,饰品,330
广寒坠,饰品,753,寒月,饰品,759
广寒坠,饰品,753,/,,/
广寒坠,饰品,753,/,,/
广寒精灵·白,饰品,754,蕾丝兔耳,饰品,405
广寒精灵·白,饰品,754,寒月,饰品,759
广寒精灵·白,饰品,754,/,,/
广寒精灵·白,饰品,754,/,,/
捣轻尘,饰品,757,星愿项链,饰品,244
捣轻尘,饰品,757,寒月,饰品,759
捣轻尘,饰品,757,/,,/
捣轻尘,饰品,757,/,,/
广寒佩,饰品,758,纯爱花饰,饰品,118
广寒佩,饰品,758,寒月,饰品,759
广寒佩,饰品,758,/,,/
广寒佩,饰品,758,/,,/
今夕月,妆容,025,蜜桃甜心,,/
今夕月,妆容,025,寒月,饰品,759
今夕月,妆容,025,/,,/
今夕月,妆容,025,/,,/
千丝蝠影,发型,610,柔蔓,,/
千丝蝠影,发型,610,柔蔓,,/
千丝蝠影,发型,610,暗恋故事·蓝,下装,037
千丝蝠影,发型,610,绮乐,发型,492
夜魄千魅,连衣裙,517,鹿灵枝,,/
夜魄千魅,连衣裙,517,鹿灵枝,,/
夜魄千魅,连衣裙,517,田园流苏,,/
夜魄千魅,连衣裙,517,信鸽庄园,连衣裙,176
魅翅,鞋子,562,流苏短靴,,/
魅翅,鞋子,562,流苏短靴,,/
魅翅,鞋子,562,田园流苏,,/
魅翅,鞋子,562,灰色板鞋,鞋子,147
夜魄王冠,饰品,716,鹿茸包,,/
夜魄王冠,饰品,716,鹿茸包,,/
夜魄王冠,饰品,716,经典牛仔裤,下装,049
夜魄王冠,饰品,716,OL的衬衫·白,上衣,035
蝙惑,饰品,714,花环发带,,/
蝙惑,饰品,714,花环发带,,/
蝙惑,饰品,714,柳絮手环,,/
蝙惑,饰品,714,裱花蕾丝·粉,袜子,121
夜魄链,饰品,715,柳絮手环,,/
夜魄链,饰品,715,花枝项链,,/
夜魄链,饰品,715,花枝项链,,/
夜魄链,饰品,715,全棉上衣·褐,上衣,172