,基础属性部分,,,,,,,,,,,,,,,,,竞技场属性得分1【相反属性0分规则】,,,,,,,,,,
名称,NO.,心级,,华丽,简约,优雅,活泼,成熟,可爱,性感,清纯,清凉,保暖,标签,标签,获取方式,"综合
得分","春天/远足等
(简活可纯凉)","夏日/清秀佳人
(简优可纯凉)","海边派对
(简活可性凉)","宫廷/音乐厅
(华优熟性暖)","女王大人
(华优熟性凉)","冬天一把火
(华活可性暖)","有女/侦探
(简优熟纯暖)","奇幻童话园
(华优可纯凉)","圣诞家庭会
(简活可纯暖)","办公室明星
(简优熟性凉)","绝色无双
(华优熟纯暖)"
简约凉鞋*黑,001,2,,,A,,A,A,,,A,A,,,,店/迷,#N/A,#N/A,#N/A,#N/A,#N/A,#N/A,#N/A,#N/A,#N/A,#N/A,#N/A,#N/A
简约凉鞋*蓝,002,2,,,A,,A,,A,,A,A,,,,定001,#N/A,3000,#N/A,#N/A,#N/A,#N/A,#N/A,#N/A,#N/A,#N/A,#N/A,#N/A
特级助手*中靴,003,4,,S,,,A,A,,,S,,S,英伦,,兑换,#N/A,#N/A,#N/A,#N/A,#N/A,#N/A,#N/A,#N/A,#N/A,#N/A,#N/A,#N/A
波点凉鞋*蓝,004,3,,,S,,A,,A,,A,S,,大小姐,,店/迷幻,#N/A,3520,#N/A,#N/A,#N/A,#N/A,#N/A,#N/A,#N/A,#N/A,#N/A,#N/A
波点凉鞋*白,005,3,,,S,,A,,A,,A,S,,大小姐,,定004,#N/A,3520,#N/A,#N/A,#N/A,#N/A,#N/A,#N/A,#N/A,#N/A,#N/A,#N/A
波点凉鞋*粉,006,3,,,S,,A,,A,,A,A,,大小姐,,定004,#N/A,3260,#N/A,#N/A,#N/A,#N/A,#N/A,#N/A,#N/A,#N/A,#N/A,#N/A
流星,007,3,,,S,C,,,S,,S,S,,,,店/迷幻,#N/A,#N/A,3855,#N/A,#N/A,#N/A,#N/A,#N/A,#N/A,#N/A,#N/A,#N/A
童趣*粉,008,4,,S,,,A,,S,,S,,A,,,设计图/过关,#N/A,#N/A,#N/A,#N/A,#N/A,#N/A,#N/A,#N/A,#N/A,#N/A,#N/A,#N/A
童趣*紫,009,4,,S,,,A,,S,,A,,S,,,定008,#N/A,#N/A,#N/A,#N/A,#N/A,#N/A,#N/A,#N/A,#N/A,#N/A,#N/A,#N/A
童趣*蓝,010,4,,A,,,S,,S,,S,,A,,,定008,#N/A,#N/A,#N/A,#N/A,#N/A,#N/A,#N/A,#N/A,#N/A,#N/A,#N/A,#N/A
童趣*米,011,4,,A,,,S,,S,,S,,A,,,定008,#N/A,#N/A,#N/A,#N/A,#N/A,#N/A,#N/A,#N/A,#N/A,#N/A,#N/A,#N/A
海魂骑士,012,4,,S,,,S,,S,,A,,S,,,迷幻,#N/A,#N/A,#N/A,#N/A,#N/A,#N/A,#N/A,#N/A,#N/A,#N/A,#N/A,#N/A
紫布凉拖,013,2,,,B,,S,,A,,A,A,,,,店/迷,#N/A,3215,#N/A,#N/A,#N/A,#N/A,#N/A,#N/A,#N/A,#N/A,#N/A,#N/A
珠泪*粉,014,2,,,A,A,,,B,,S,S,,,,店/迷,#N/A,#N/A,3475,#N/A,#N/A,#N/A,#N/A,#N/A,#N/A,#N/A,#N/A,#N/A
珠泪*黑,015,2,,,S,B,,A,,,S,B,,,,定014,#N/A,#N/A,#N/A,#N/A,#N/A,#N/A,#N/A,#N/A,#N/A,#N/A,#N/A,#N/A
珠泪*白,016,2,,,A,A,,A,,,A,A,,,,定014,#N/A,#N/A,#N/A,#N/A,#N/A,#N/A,#N/A,#N/A,#N/A,#N/A,#N/A,#N/A
小绅士,017,3,,,B,S,,S,,,S,B,,中性风,英伦,店/迷幻,#N/A,#N/A,#N/A,#N/A,#N/A,#N/A,#N/A,#N/A,#N/A,#N/A,#N/A,#N/A
妖魅爵士,018,3,,,B,S,,S,,,S,B,,中性风,英伦,定017,#N/A,#N/A,#N/A,#N/A,#N/A,#N/A,#N/A,#N/A,#N/A,#N/A,#N/A,#N/A
彬彬有礼,019,3,,,B,S,,SS,,,S,B,,中性风,英伦,定017,#N/A,#N/A,#N/A,#N/A,#N/A,#N/A,#N/A,#N/A,#N/A,#N/A,#N/A,#N/A
收脚靴*黑,020,3,,,S,,A,S,,,A,,A,中性风,,4-1少,#N/A,#N/A,#N/A,#N/A,#N/A,#N/A,#N/A,#N/A,#N/A,#N/A,#N/A,#N/A
收脚靴*棕,021,3,,,A,,A,S,,,A,,A,中性风,,定020,#N/A,#N/A,#N/A,#N/A,#N/A,#N/A,#N/A,#N/A,#N/A,#N/A,#N/A,#N/A
收脚靴*豹纹,023,3,,A,,,A,S,,,A,,S,中性风,,定020,#N/A,#N/A,#N/A,#N/A,#N/A,#N/A,#N/A,#N/A,#N/A,#N/A,#N/A,#N/A
越野鞋,024,3,,,S,,S,S,,,A,,A,中性风,,迷幻,#N/A,#N/A,#N/A,#N/A,#N/A,#N/A,#N/A,#N/A,#N/A,#N/A,#N/A,#N/A
普通帆布鞋,025,2,,,A,,A,,B,,A,,A,中性风,,迷/3-7少,#N/A,#N/A,#N/A,#N/A,#N/A,#N/A,#N/A,#N/A,#N/A,2955,#N/A,#N/A
热血梦,026,2,,,B,,A,,A,,A,,S,中性风,,定025,#N/A,#N/A,#N/A,#N/A,#N/A,#N/A,#N/A,#N/A,#N/A,3215,#N/A,#N/A
闪电侠,027,2,,,A,,A,,B,,A,,B,中性风,,定025,#N/A,#N/A,#N/A,#N/A,#N/A,#N/A,#N/A,#N/A,#N/A,2910,#N/A,#N/A
温柔的呼吸,028,2,,,A,,A,,A,,A,,A,中性风,,定025,#N/A,#N/A,#N/A,#N/A,#N/A,#N/A,#N/A,#N/A,#N/A,3000,#N/A,#N/A
乖顺,029,3,,,S,,B,,A,,S,A,,,,迷,#N/A,3475,#N/A,#N/A,#N/A,#N/A,#N/A,#N/A,#N/A,#N/A,#N/A,#N/A
丹砂,030,3,,,S,,B,,S,,S,A,,,,定029,#N/A,3735,#N/A,#N/A,#N/A,#N/A,#N/A,#N/A,#N/A,#N/A,#N/A,#N/A
沉玉,031,3,,,S,,B,,S,,A,S,,,,定029,#N/A,3735,#N/A,#N/A,#N/A,#N/A,#N/A,#N/A,#N/A,#N/A,#N/A,#N/A
星辰*粉,032,5,,S,,B,,,S,,S,S,,,,迷,#N/A,#N/A,#N/A,#N/A,#N/A,#N/A,#N/A,#N/A,3995,#N/A,#N/A,#N/A
星辰*青,033,5,,S,,,A,,S,,S,S,,,,定032,#N/A,#N/A,#N/A,#N/A,#N/A,#N/A,#N/A,#N/A,#N/A,#N/A,#N/A,#N/A
星辰*蓝,034,5,,S,,,S,,SS,,S,S,,,,定032,#N/A,#N/A,#N/A,#N/A,#N/A,#N/A,#N/A,#N/A,#N/A,#N/A,#N/A,#N/A
贴心泰迪*黑,035,5,,S,,,S,,S,,S,S,,,,迷,#N/A,#N/A,#N/A,#N/A,#N/A,#N/A,#N/A,#N/A,#N/A,#N/A,#N/A,#N/A
贴心泰迪*花,036,5,,S,,,S,,A,,S,A,,,,定035,#N/A,#N/A,#N/A,#N/A,#N/A,#N/A,#N/A,#N/A,#N/A,#N/A,#N/A,#N/A
贴心泰迪*白,037,5,,SS,,,S,,S,,S,S,,小动物,,定035,#N/A,#N/A,#N/A,#N/A,#N/A,#N/A,#N/A,#N/A,#N/A,#N/A,#N/A,#N/A
筝迹*黑,038,3,,S,,C,,,A,S,,S,,,,设计图,#N/A,#N/A,#N/A,#N/A,#N/A,#N/A,#N/A,#N/A,#N/A,#N/A,#N/A,#N/A
筝迹*蓝,039,3,,S,,B,,,B,S,,S,,,,定038,#N/A,#N/A,#N/A,#N/A,#N/A,#N/A,#N/A,#N/A,#N/A,#N/A,#N/A,#N/A
筝迹*白,040,3,,S,,C,,S,,,S,S,,,,定038,#N/A,#N/A,#N/A,#N/A,#N/A,#N/A,#N/A,#N/A,#N/A,#N/A,#N/A,#N/A
筝迹*粉,041,3,,S,,B,,,S,,S,S,,,,定038,#N/A,#N/A,#N/A,#N/A,#N/A,#N/A,#N/A,#N/A,3995,#N/A,#N/A,#N/A
瑰丽*棕,048,4,,S,,S,,C,,,S,S,,欧式古典,,幻,#N/A,#N/A,#N/A,#N/A,#N/A,#N/A,#N/A,#N/A,#N/A,#N/A,#N/A,#N/A
瑰丽*粉,049,4,,SS,,,B,,A,,S,S,,欧式古典,,定048,#N/A,#N/A,#N/A,#N/A,#N/A,#N/A,#N/A,#N/A,#N/A,#N/A,#N/A,#N/A
蔷薇心,050,4,,S,,,A,,S,,S,A,,洛丽塔,,过关,#N/A,#N/A,#N/A,#N/A,#N/A,#N/A,#N/A,#N/A,#N/A,#N/A,#N/A,#N/A
魔法机械,051,4,,S,,,S,,A,,S,,S,欧式古典,,兑换,#N/A,#N/A,#N/A,#N/A,#N/A,#N/A,#N/A,#N/A,#N/A,#N/A,#N/A,#N/A
千金小姐,052,4,,A,,S,,S,,,B,SS,,欧式古典,,幻,#N/A,#N/A,#N/A,#N/A,#N/A,#N/A,#N/A,#N/A,#N/A,#N/A,#N/A,#N/A
贵妇风情,053,4,,B,,S,,A,,S,,S,,欧式古典,,幻,#N/A,#N/A,#N/A,#N/A,#N/A,3735,#N/A,#N/A,#N/A,#N/A,#N/A,#N/A
精灵语,054,4,,SS,,,A,,A,,B,S,,,,设计图,#N/A,#N/A,#N/A,#N/A,#N/A,#N/A,#N/A,#N/A,#N/A,#N/A,#N/A,#N/A
鱼嘴凉鞋*白,055,3,,,A,S,,,C,,A,S,,,,店/迷幻,#N/A,#N/A,3335,#N/A,#N/A,#N/A,#N/A,#N/A,#N/A,#N/A,#N/A,#N/A
鱼嘴凉鞋*黑,056,3,,,A,S,,S,,B,,A,,,,定055,#N/A,#N/A,#N/A,#N/A,#N/A,#N/A,#N/A,#N/A,#N/A,#N/A,3475,#N/A
鱼嘴凉鞋*红,057,3,,,S,S,,,B,,A,S,,,,定057,#N/A,#N/A,3735,#N/A,#N/A,#N/A,#N/A,#N/A,#N/A,#N/A,#N/A,#N/A
熟女风情,059,4,,,S,S,,A,,,S,A,,,,迷幻,#N/A,#N/A,#N/A,#N/A,#N/A,#N/A,#N/A,#N/A,#N/A,#N/A,#N/A,#N/A
乔娜,060,3,,,S,A,,S,,B,,A,,OL,,店/迷幻,#N/A,#N/A,#N/A,#N/A,#N/A,#N/A,#N/A,#N/A,#N/A,#N/A,3475,#N/A
拂绿,061,4,,,S,S,,,S,,S,S,,中式古典,,迷幻/6-5公,#N/A,#N/A,4300,#N/A,#N/A,#N/A,#N/A,#N/A,#N/A,#N/A,#N/A,#N/A
拂绿*华丽,062,5,,,B,SS,,,S,,SS,S,,中式古典,,进061,#N/A,#N/A,4275,#N/A,#N/A,#N/A,#N/A,#N/A,#N/A,#N/A,#N/A,#N/A
擦肩而过,063,3,,,SS,A,,B,,,B,B,,英伦,,店/迷幻,#N/A,#N/A,#N/A,#N/A,#N/A,#N/A,#N/A,#N/A,#N/A,#N/A,#N/A,#N/A
护士鞋,064,2,,,S,,B,,A,,A,B,,医务使者,,成就,#N/A,3170,#N/A,#N/A,#N/A,#N/A,#N/A,#N/A,#N/A,#N/A,#N/A,#N/A
心焰,065,2,,,A,A,,,A,,S,B,,和风,,店/迷,#N/A,#N/A,3215,#N/A,#N/A,#N/A,#N/A,#N/A,#N/A,#N/A,#N/A,#N/A
醉梦,066,3,,A,,S,,A,,A,,S,,和风,,设计图,#N/A,#N/A,#N/A,#N/A,#N/A,3520,#N/A,#N/A,#N/A,#N/A,#N/A,#N/A
开拓,067,3,,S,,A,,A,,A,,A,,摇滚风,,店/迷幻/5-3公,#N/A,#N/A,#N/A,#N/A,#N/A,3260,#N/A,#N/A,#N/A,#N/A,#N/A,#N/A
开拓*华丽,068,4,,A,,SS,,S,,S,,S,,摇滚风,,进067,#N/A,#N/A,#N/A,#N/A,#N/A,4180,#N/A,#N/A,#N/A,#N/A,#N/A,#N/A
甜心巧克力,069,3,,,A,S,,A,,A,,S,,OL,,4-6公/5-7公,#N/A,#N/A,#N/A,#N/A,#N/A,#N/A,#N/A,#N/A,#N/A,#N/A,3520,#N/A
甜心巧克力*华丽,070,4,,,S,S,,S,,S,,S,,,,进069/迷幻,#N/A,#N/A,#N/A,#N/A,#N/A,#N/A,#N/A,#N/A,#N/A,#N/A,4300,#N/A
甜心巧克力*珍稀,071,5,,S,,S,,S,,S,,S,,,,进070,#N/A,#N/A,#N/A,#N/A,#N/A,4300,#N/A,#N/A,#N/A,#N/A,#N/A,#N/A
音乐盒*棕,072,3,,,SS,A,,B,,B,,,S,英伦,,迷幻,#N/A,#N/A,#N/A,#N/A,#N/A,#N/A,#N/A,#N/A,#N/A,#N/A,#N/A,#N/A
花落海,073,3,,,SS,S,,B,,C,,S,,,,迷幻/6-7公,#N/A,#N/A,#N/A,#N/A,#N/A,#N/A,#N/A,#N/A,#N/A,#N/A,3690,#N/A
花落海*华丽,074,4,,S,,SS,,B,,B,,S,,,,进073/迷幻,#N/A,#N/A,#N/A,#N/A,#N/A,3830,#N/A,#N/A,#N/A,#N/A,#N/A,#N/A
花落海*珍稀,075,5,,SS,,S,,B,,,B,SS,,,,进074,#N/A,#N/A,#N/A,#N/A,#N/A,#N/A,#N/A,#N/A,#N/A,#N/A,#N/A,#N/A
熊猫睡衣*拖鞋,076,3,,,A,,A,,A,,S,,A,睡衣,,设计图,#N/A,#N/A,#N/A,#N/A,#N/A,#N/A,#N/A,#N/A,#N/A,3260,#N/A,#N/A
爱心睡衣*拖鞋,077,3,,,A,,A,,A,,S,,A,睡衣,,定076,#N/A,#N/A,#N/A,#N/A,#N/A,#N/A,#N/A,#N/A,#N/A,3260,#N/A,#N/A
战火*黑,078,3,,B,,,S,B,,S,,,S,摇滚风,,设计图,#N/A,#N/A,#N/A,#N/A,#N/A,#N/A,#N/A,#N/A,#N/A,#N/A,#N/A,#N/A
金煌,079,5,,S,,A,,S,,S,,S,,晚礼服,,vip,#N/A,#N/A,#N/A,#N/A,#N/A,4040,#N/A,#N/A,#N/A,#N/A,#N/A,#N/A
花嫁,080,4,,S,,S,,,A,,B,SS,,婚纱,,设计图,#N/A,#N/A,#N/A,#N/A,#N/A,#N/A,#N/A,#N/A,3875,#N/A,#N/A,#N/A
森系雪地靴,081,4,,,A,,S,,S,,A,,S,森女系列,冬装,店,#N/A,#N/A,#N/A,#N/A,#N/A,#N/A,#N/A,#N/A,#N/A,3780,#N/A,#N/A
星之海舞鞋,082,6,,S,,S,,S,,S,,S,,,,设计图,#N/A,#N/A,#N/A,#N/A,#N/A,4300,#N/A,#N/A,#N/A,#N/A,#N/A,#N/A
黑夜哥特,084,4,,S,,S,,,S,,B,,A,哥特风,,设计图,#N/A,#N/A,#N/A,#N/A,#N/A,#N/A,#N/A,#N/A,#N/A,#N/A,#N/A,#N/A
梦兰*珍稀,085,5,,S,,,A,,A,S,,S,,中式古典,,进097,#N/A,#N/A,#N/A,#N/A,#N/A,#N/A,#N/A,#N/A,#N/A,#N/A,#N/A,#N/A
白锦履,087,5,,S,,SS,,B,,,S,SS,,中式古典,,设计图,#N/A,#N/A,#N/A,#N/A,#N/A,#N/A,#N/A,#N/A,#N/A,#N/A,#N/A,#N/A
月兰,088,3,,,A,S,,C,,,S,S,,,,迷,#N/A,#N/A,#N/A,#N/A,#N/A,#N/A,#N/A,#N/A,#N/A,#N/A,#N/A,#N/A
枫忍,089,3,,S,,,A,,A,,A,S,,侠客联盟,,迷幻/5-1公,#N/A,#N/A,#N/A,#N/A,#N/A,#N/A,#N/A,#N/A,#N/A,#N/A,#N/A,#N/A
枫忍*华丽,090,4,,SS,,,S,A,,,A,SS,,侠客联盟,,进089/迷幻,#N/A,#N/A,#N/A,#N/A,#N/A,#N/A,#N/A,#N/A,#N/A,#N/A,#N/A,#N/A
枫忍*珍稀,091,5,,SS,,,SS,S,,,A,SS,,侠客联盟,,进090,#N/A,#N/A,#N/A,#N/A,#N/A,#N/A,#N/A,#N/A,#N/A,#N/A,#N/A,#N/A
火照,092,3,,,A,,B,,S,,S,S,,和风,沐浴,迷幻/4-4公/5-10公,#N/A,3735,#N/A,#N/A,#N/A,#N/A,#N/A,#N/A,#N/A,#N/A,#N/A,#N/A
火照*华丽,093,4,,B,,S,,,A,,S,S,,和风,,进092,#N/A,#N/A,#N/A,#N/A,#N/A,#N/A,#N/A,#N/A,3735,#N/A,#N/A,#N/A
火照*珍稀,094,5,,SS,,,B,,S,,S,S,,和风,,进093,#N/A,#N/A,#N/A,#N/A,#N/A,#N/A,#N/A,#N/A,#N/A,#N/A,#N/A,#N/A
梦兰,096,3,,,A,S,,,A,A,,S,,中式古典,,迷幻/5-5公,#N/A,#N/A,#N/A,#N/A,#N/A,#N/A,#N/A,#N/A,#N/A,#N/A,#N/A,#N/A
梦兰*华丽,097,4,,S,,A,,,S,S,,S,,中式古典,,进096,#N/A,#N/A,#N/A,#N/A,#N/A,#N/A,#N/A,#N/A,#N/A,#N/A,#N/A,#N/A
雀喙,098,5,,S,,S,,S,,S,,A,,中式古典,,迷幻,#N/A,#N/A,#N/A,#N/A,#N/A,4040,#N/A,#N/A,#N/A,#N/A,#N/A,#N/A
战士,099,4,,,S,,S,,B,,S,,S,中性风,,设计图,#N/A,#N/A,#N/A,#N/A,#N/A,#N/A,#N/A,#N/A,#N/A,3995,#N/A,#N/A
云烟,100,3,,,A,S,,,A,,A,A,,中式现代,学院系,店,#N/A,#N/A,3260,#N/A,#N/A,#N/A,#N/A,#N/A,#N/A,#N/A,#N/A,#N/A
温俏,101,3,,,S,B,,,S,,S,S,,,,迷幻,#N/A,#N/A,3995,#N/A,#N/A,#N/A,#N/A,#N/A,#N/A,#N/A,#N/A,#N/A
翠旗,102,5,,A,,SS,,,A,S,,,S,中式古典,,兑换,#N/A,#N/A,#N/A,#N/A,#N/A,#N/A,#N/A,#N/A,#N/A,#N/A,#N/A,#N/A
兰猗,103,3,,,S,S,,,C,,S,A,,中式古典,,设计图,#N/A,#N/A,3595,#N/A,#N/A,#N/A,#N/A,#N/A,#N/A,#N/A,#N/A,#N/A
花影,104,4,,,C,S,,,S,,S,S,,,,迷幻,#N/A,#N/A,3855,#N/A,#N/A,#N/A,#N/A,#N/A,#N/A,#N/A,#N/A,#N/A
玺拖,105,2,,,A,,A,,A,,A,A,,沐浴,,设计图,#N/A,3000,#N/A,#N/A,#N/A,#N/A,#N/A,#N/A,#N/A,#N/A,#N/A,#N/A
红皮鞋,106,4,,,S,,S,,S,,S,A,,洛丽塔,,店/迷幻/6-8公/7-7公,#N/A,4040,#N/A,#N/A,#N/A,#N/A,#N/A,#N/A,#N/A,#N/A,#N/A,#N/A
红皮鞋*华丽,107,4,,,A,,A,,S,,S,S,,洛丽塔,,进106/迷幻,#N/A,3780,#N/A,#N/A,#N/A,#N/A,#N/A,#N/A,#N/A,#N/A,#N/A,#N/A
红皮鞋*珍稀,108,5,,S,,,S,,S,,S,S,,洛丽塔,,进107,#N/A,#N/A,#N/A,#N/A,#N/A,#N/A,#N/A,#N/A,#N/A,#N/A,#N/A,#N/A
晴天*绿,109,4,,,C,S,,,S,,SS,S,,,,店/迷幻,#N/A,#N/A,3995,#N/A,#N/A,#N/A,#N/A,#N/A,#N/A,#N/A,#N/A,#N/A
晴天*粉,110,4,,C,,,S,,S,,S,S,,,,定109,#N/A,#N/A,#N/A,#N/A,#N/A,#N/A,#N/A,#N/A,#N/A,#N/A,#N/A,#N/A
学生鞋*棕,111,3,,,B,A,,,S,,S,S,,英伦,,迷幻,#N/A,#N/A,3735,#N/A,#N/A,#N/A,#N/A,#N/A,#N/A,#N/A,#N/A,#N/A
玲珑凉鞋,112,3,,,A,,A,,S,,S,S,,泳装,沐浴,设计图,#N/A,3780,#N/A,#N/A,#N/A,#N/A,#N/A,#N/A,#N/A,#N/A,#N/A,#N/A
流苏鞋,115,3,,S,,C,,,S,,A,,S,,,店,#N/A,#N/A,#N/A,#N/A,#N/A,#N/A,#N/A,#N/A,#N/A,#N/A,#N/A,#N/A
加绒板鞋,118,3,,,A,,A,,S,,S,,S,冬装,,店/迷幻,#N/A,#N/A,#N/A,#N/A,#N/A,#N/A,#N/A,#N/A,#N/A,3780,#N/A,#N/A
漆皮高跟鞋*黑,119,2,,,A,A,,A,,A,,A,,,,店,#N/A,#N/A,#N/A,#N/A,#N/A,#N/A,#N/A,#N/A,#N/A,#N/A,3000,#N/A
漆皮高跟鞋*红,120,2,,,A,A,,A,,A,,A,,,,定119,#N/A,#N/A,#N/A,#N/A,#N/A,#N/A,#N/A,#N/A,#N/A,#N/A,3000,#N/A
漆皮高跟鞋*紫,122,2,,,S,A,,A,,,B,S,,,,定119,#N/A,#N/A,#N/A,#N/A,#N/A,#N/A,#N/A,#N/A,#N/A,#N/A,#N/A,#N/A
白色高跟鞋,123,2,,,A,A,,A,,A,,A,,,,1-3少,#N/A,#N/A,#N/A,#N/A,#N/A,#N/A,#N/A,#N/A,#N/A,#N/A,3000,#N/A
斑马脚印,124,3,,,C,S,,A,,S,,S,,,,定123,#N/A,#N/A,#N/A,#N/A,#N/A,#N/A,#N/A,#N/A,#N/A,#N/A,3595,#N/A
豹纹高跟鞋*银,125,3,,,B,B,,S,,S,,S,,,,定123,#N/A,#N/A,#N/A,#N/A,#N/A,#N/A,#N/A,#N/A,#N/A,#N/A,3690,#N/A
豹纹高跟鞋*黄,126,3,,S,,B,,S,,S,,A,,,,定123,#N/A,#N/A,#N/A,#N/A,#N/A,3735,#N/A,#N/A,#N/A,#N/A,#N/A,#N/A
花苞球*白,129,3,,,S,B,,B,,,S,S,,,,6-10少,#N/A,#N/A,#N/A,#N/A,#N/A,#N/A,#N/A,#N/A,#N/A,#N/A,#N/A,#N/A
花苞球*淡蓝,130,3,,,S,S,,,S,,S,S,,,,定129,#N/A,#N/A,4300,#N/A,#N/A,#N/A,#N/A,#N/A,#N/A,#N/A,#N/A,#N/A
花苞球*深蓝,131,3,,,S,A,,A,,,A,A,,,,定129,#N/A,#N/A,#N/A,#N/A,#N/A,#N/A,#N/A,#N/A,#N/A,#N/A,#N/A,#N/A
行走的诗*白,132,3,,,S,,B,,S,B,,S,,,,6-6少,#N/A,#N/A,#N/A,3690,#N/A,#N/A,#N/A,#N/A,#N/A,#N/A,#N/A,#N/A
行走的诗*褐,133,3,,,S,A,,,C,S,,A,,,,定132,#N/A,#N/A,#N/A,#N/A,#N/A,#N/A,#N/A,#N/A,#N/A,#N/A,#N/A,#N/A
行走的诗*黄,134,3,,,S,,S,,S,B,,S,,,,定132,#N/A,#N/A,#N/A,3995,#N/A,#N/A,#N/A,#N/A,#N/A,#N/A,#N/A,#N/A
纹格印象*红,135,3,,,S,A,,A,,A,,A,,,,6-4少,#N/A,#N/A,#N/A,#N/A,#N/A,#N/A,#N/A,#N/A,#N/A,#N/A,3260,#N/A
纹格印象*蓝,136,3,,,A,A,,S,,A,,A,,,,定135,#N/A,#N/A,#N/A,#N/A,#N/A,#N/A,#N/A,#N/A,#N/A,#N/A,3260,#N/A
脚踝诱惑*白,138,3,,,B,S,,S,,S,,S,,,,6-2少,#N/A,#N/A,#N/A,#N/A,#N/A,#N/A,#N/A,#N/A,#N/A,#N/A,3995,#N/A
脚踝诱惑*格纹,139,3,,,C,S,,S,,S,,S,,,,定138,#N/A,#N/A,#N/A,#N/A,#N/A,#N/A,#N/A,#N/A,#N/A,#N/A,3855,#N/A
兔乐乐,140,3,,,A,,A,,A,,A,S,,小动物,,2-7少,#N/A,3260,#N/A,#N/A,#N/A,#N/A,#N/A,#N/A,#N/A,#N/A,#N/A,#N/A
糖果鞋*黄,142,3,,,B,S,,,B,,S,S,,,,店,#N/A,#N/A,3690,#N/A,#N/A,#N/A,#N/A,#N/A,#N/A,#N/A,#N/A,#N/A
糖果鞋*蓝,143,3,,,S,S,,,B,,S,S,,,,定142,#N/A,#N/A,3995,#N/A,#N/A,#N/A,#N/A,#N/A,#N/A,#N/A,#N/A,#N/A
糖果鞋*红,144,3,,,S,B,,,B,,S,S,,,,定142,#N/A,#N/A,3690,#N/A,#N/A,#N/A,#N/A,#N/A,#N/A,#N/A,#N/A,#N/A
布洛克秘密,145,4,,A,,S,,,S,,S,S,,,,成就,#N/A,#N/A,#N/A,#N/A,#N/A,#N/A,#N/A,#N/A,4040,#N/A,#N/A,#N/A
灰色板鞋,147,2,,,S,,B,,A,,A,B,,,,店/迷/4-7少,#N/A,3170,#N/A,#N/A,#N/A,#N/A,#N/A,#N/A,#N/A,#N/A,#N/A,#N/A
铆钉板鞋,148,2,,,A,,A,,A,,A,A,,,,定147,#N/A,3000,#N/A,#N/A,#N/A,#N/A,#N/A,#N/A,#N/A,#N/A,#N/A,#N/A
绿格板鞋,149,2,,,A,,A,,A,,A,A,,,,定147,#N/A,3000,#N/A,#N/A,#N/A,#N/A,#N/A,#N/A,#N/A,#N/A,#N/A,#N/A
豆豆鞋,152,3,,,S,,A,,A,,S,A,,,,店,#N/A,3520,#N/A,#N/A,#N/A,#N/A,#N/A,#N/A,#N/A,#N/A,#N/A,#N/A
普通高跟鞋*黑,157,1,,,C,A,,A,,,C,A,,,,店,#N/A,#N/A,#N/A,#N/A,#N/A,#N/A,#N/A,#N/A,#N/A,#N/A,#N/A,#N/A
普通高跟鞋*蓝,158,1,,,S,C,,C,,,S,A,,,,定157,#N/A,#N/A,#N/A,#N/A,#N/A,#N/A,#N/A,#N/A,#N/A,#N/A,#N/A,#N/A
普通高跟鞋*桂,159,1,,,C,A,,B,,,S,A,,,,定157,#N/A,#N/A,#N/A,#N/A,#N/A,#N/A,#N/A,#N/A,#N/A,#N/A,#N/A,#N/A
普通高跟鞋*粉,160,1,,,S,C,,C,,,A,A,,,,定157,#N/A,#N/A,#N/A,#N/A,#N/A,#N/A,#N/A,#N/A,#N/A,#N/A,#N/A,#N/A
黑色松糕鞋,163,3,,,S,,S,,C,,S,S,,,,店/迷幻,#N/A,3855,#N/A,#N/A,#N/A,#N/A,#N/A,#N/A,#N/A,#N/A,#N/A,#N/A
背扣松糕鞋,164,3,,,S,,S,,C,,A,S,,,,迷幻,#N/A,3595,#N/A,#N/A,#N/A,#N/A,#N/A,#N/A,#N/A,#N/A,#N/A,#N/A
透明松糕鞋,167,3,,S,,A,,,C,,S,S,,,,店,#N/A,#N/A,#N/A,#N/A,#N/A,#N/A,#N/A,#N/A,3595,#N/A,#N/A,#N/A
居家拖鞋*白,169,1,,,B,,B,,A,,A,,B,睡衣,沐浴,店/迷/1-3少,#N/A,#N/A,#N/A,#N/A,#N/A,#N/A,#N/A,#N/A,#N/A,2865,#N/A,#N/A
居家拖鞋*红,171,1,,,A,,A,,A,,A,,B,睡衣,沐浴,定170,#N/A,#N/A,#N/A,#N/A,#N/A,#N/A,#N/A,#N/A,#N/A,2955,#N/A,#N/A
欧罗巴*黑,172,3,,,S,,S,,S,,B,,B,,,店,#N/A,#N/A,#N/A,#N/A,#N/A,#N/A,#N/A,#N/A,#N/A,3690,#N/A,#N/A
欧罗巴*棕,173,3,,,SS,,A,,A,,A,,A,,,定172,#N/A,#N/A,#N/A,#N/A,#N/A,#N/A,#N/A,#N/A,#N/A,3400,#N/A,#N/A
欧罗巴*蓝,174,3,,,A,SS,,,A,,A,,A,,,定172,#N/A,#N/A,#N/A,#N/A,#N/A,#N/A,#N/A,#N/A,#N/A,#N/A,#N/A,#N/A
欧罗巴*红,175,3,,,S,,S,,S,,S,,B,,,定172,#N/A,#N/A,#N/A,#N/A,#N/A,#N/A,#N/A,#N/A,#N/A,3995,#N/A,#N/A
霓虹,178,3,,A,,A,,A,,,S,A,,,,迷幻/成就,#N/A,#N/A,#N/A,#N/A,#N/A,#N/A,#N/A,#N/A,#N/A,#N/A,#N/A,#N/A
藏蓝,179,3,,,S,A,,,B,,S,A,,,,定178,#N/A,#N/A,3475,#N/A,#N/A,#N/A,#N/A,#N/A,#N/A,#N/A,#N/A,#N/A
绝对角度*黑,184,3,,,S,A,,A,,S,,S,,OL,,迷幻,#N/A,#N/A,#N/A,#N/A,#N/A,#N/A,#N/A,#N/A,#N/A,#N/A,3780,#N/A
绝对角度*紫,185,3,,,S,A,,A,,A,,A,,,,定185,#N/A,#N/A,#N/A,#N/A,#N/A,#N/A,#N/A,#N/A,#N/A,#N/A,3260,#N/A
尖头珍珠,186,3,,,B,B,,B,,,SS,SS,,,,店,#N/A,#N/A,#N/A,#N/A,#N/A,#N/A,#N/A,#N/A,#N/A,#N/A,#N/A,#N/A
长亭,195,2,,,B,S,,S,,C,,S,,,,迷,#N/A,#N/A,#N/A,#N/A,#N/A,#N/A,#N/A,#N/A,#N/A,#N/A,3550,#N/A
障眼法,207,4,,,B,SS,,,S,,A,SS,,,,迷幻,#N/A,#N/A,4015,#N/A,#N/A,#N/A,#N/A,#N/A,#N/A,#N/A,#N/A,#N/A
布洛克迷宫*棕,210,3,,,C,S,,A,,,A,,S,POP,,幻,#N/A,#N/A,#N/A,#N/A,#N/A,#N/A,#N/A,3335,#N/A,#N/A,#N/A,#N/A
布洛克迷宫*白,211,3,,,B,B,,S,,,B,,SS,POP,,定210,#N/A,#N/A,#N/A,#N/A,#N/A,#N/A,#N/A,3525,#N/A,#N/A,#N/A,#N/A
英伦鞋*白,212,3,,,S,,B,,S,,S,,A,,,店,#N/A,#N/A,#N/A,#N/A,#N/A,#N/A,#N/A,#N/A,#N/A,3735,#N/A,#N/A
英伦鞋*灰,214,3,,,C,S,,,S,,S,,A,,,定212,#N/A,#N/A,#N/A,#N/A,#N/A,#N/A,#N/A,#N/A,#N/A,#N/A,#N/A,#N/A
英伦鞋*棕,215,3,,,B,S,,,A,,S,,S,,,定212,#N/A,#N/A,#N/A,#N/A,#N/A,#N/A,#N/A,#N/A,#N/A,#N/A,#N/A,#N/A
鱼嘴坡跟鞋*灰,217,2,,,B,S,,S,,,B,S,,,,迷,#N/A,#N/A,#N/A,#N/A,#N/A,#N/A,#N/A,#N/A,#N/A,#N/A,#N/A,#N/A
鱼嘴坡跟鞋*红,218,2,,,C,S,,S,,,C,S,,,,定217,#N/A,#N/A,#N/A,#N/A,#N/A,#N/A,#N/A,#N/A,#N/A,#N/A,#N/A,#N/A
运动鞋*绿,220,2,,,A,,A,,A,,A,,A,中性风,,店/迷/5-12少,#N/A,#N/A,#N/A,#N/A,#N/A,#N/A,#N/A,#N/A,#N/A,3000,#N/A,#N/A
运动鞋*紫,221,2,,,S,,A,,A,,A,,A,中性风,,定220,#N/A,#N/A,#N/A,#N/A,#N/A,#N/A,#N/A,#N/A,#N/A,3260,#N/A,#N/A
普通跑鞋*白,222,2,,,A,,A,,A,,A,,A,运动系,,迷,#N/A,#N/A,#N/A,#N/A,#N/A,#N/A,#N/A,#N/A,#N/A,3000,#N/A,#N/A
普通跑鞋*红,225,2,,,B,,S,,A,,A,,B,运动系,,定222,#N/A,#N/A,#N/A,#N/A,#N/A,#N/A,#N/A,#N/A,#N/A,3170,#N/A,#N/A
普通胶靴*粉,226,3,,,B,,S,B,,,S,,S,运动系,,幻,#N/A,#N/A,#N/A,#N/A,#N/A,#N/A,#N/A,#N/A,#N/A,#N/A,#N/A,#N/A
普通胶靴*紫,227,3,,,A,,S,B,,,S,,S,运动系,,定226,#N/A,#N/A,#N/A,#N/A,#N/A,#N/A,#N/A,#N/A,#N/A,#N/A,#N/A,#N/A
沙滩凉拖*红,229,2,,,A,,A,,A,,A,A,,沐浴,睡衣,店,#N/A,3000,#N/A,#N/A,#N/A,#N/A,#N/A,#N/A,#N/A,#N/A,#N/A,#N/A
沙滩凉拖*黑,230,2,,,A,,A,,A,,S,A,,沐浴,睡衣,定229,#N/A,3260,#N/A,#N/A,#N/A,#N/A,#N/A,#N/A,#N/A,#N/A,#N/A,#N/A
钻辉,235,2,,,S,A,,B,,,A,S,,,,店/迷,#N/A,#N/A,#N/A,#N/A,#N/A,#N/A,#N/A,#N/A,#N/A,#N/A,#N/A,#N/A
炽焰铆钉,240,3,,,S,,S,B,,B,,S,,,,幻,#N/A,#N/A,#N/A,#N/A,#N/A,#N/A,#N/A,#N/A,#N/A,#N/A,#N/A,#N/A
沉默年代,242,3,,,S,S,,A,,A,,S,,,,3-5少,#N/A,#N/A,#N/A,#N/A,#N/A,#N/A,#N/A,#N/A,#N/A,#N/A,3780,#N/A
海樱玫瑰*黑,247,3,,S,,S,,S,,S,,B,,,,幻,#N/A,#N/A,#N/A,#N/A,#N/A,3995,#N/A,#N/A,#N/A,#N/A,#N/A,#N/A
海樱玫瑰*白,248,3,,S,,S,,S,,B,,B,,,,定247,#N/A,#N/A,#N/A,#N/A,#N/A,3690,#N/A,#N/A,#N/A,#N/A,#N/A,#N/A
绑带,249,3,,,S,,A,A,,A,,S,,,,店/迷幻,#N/A,#N/A,#N/A,#N/A,#N/A,#N/A,#N/A,#N/A,#N/A,#N/A,#N/A,#N/A
蜿蜒,250,3,,,S,A,,A,,A,,S,,,,店/迷幻,#N/A,#N/A,#N/A,#N/A,#N/A,#N/A,#N/A,#N/A,#N/A,#N/A,3520,#N/A
爱心高跟鞋,253,3,,,S,,B,,S,B,,S,,,,幻,#N/A,#N/A,#N/A,3690,#N/A,#N/A,#N/A,#N/A,#N/A,#N/A,#N/A,#N/A
洞洞鞋*蓝,260,3,,,A,,S,,A,,A,A,,POP,,店,#N/A,3260,#N/A,#N/A,#N/A,#N/A,#N/A,#N/A,#N/A,#N/A,#N/A,#N/A
洞洞鞋*粉,263,3,,,A,,S,,S,,A,S,,POP,,店,#N/A,3780,#N/A,#N/A,#N/A,#N/A,#N/A,#N/A,#N/A,#N/A,#N/A,#N/A
纸飞机,270,3,,,S,,S,C,,,S,S,,,,店,#N/A,#N/A,#N/A,#N/A,#N/A,#N/A,#N/A,#N/A,#N/A,#N/A,#N/A,#N/A
宝石凉鞋*银,275,2,,A,,,A,,B,A,,S,,,,店/迷,#N/A,#N/A,#N/A,#N/A,#N/A,#N/A,#N/A,#N/A,#N/A,#N/A,#N/A,#N/A
宝石凉鞋*金,276,3,,B,,,A,,A,S,,S,,,,定275,#N/A,#N/A,#N/A,#N/A,#N/A,#N/A,#N/A,#N/A,#N/A,#N/A,#N/A,#N/A
轻松鞋,277,2,,,A,B,,,A,,B,A,,,,店/迷/5-9少,#N/A,#N/A,2910,#N/A,#N/A,#N/A,#N/A,#N/A,#N/A,#N/A,#N/A,#N/A
短款雪地靴*棕,279,2,,,A,,A,,A,,S,,A,冬装,,店/迷/4-5少,#N/A,#N/A,#N/A,#N/A,#N/A,#N/A,#N/A,#N/A,#N/A,3260,#N/A,#N/A
短款雪地靴*灰,280,3,,,S,,B,,A,,A,,A,,,定279,#N/A,#N/A,#N/A,#N/A,#N/A,#N/A,#N/A,#N/A,#N/A,3215,#N/A,#N/A
高筒雪地靴*棕,281,3,,,A,,S,,A,,S,,A,冬装,,店/迷幻,#N/A,#N/A,#N/A,#N/A,#N/A,#N/A,#N/A,#N/A,#N/A,3520,#N/A,#N/A
高筒雪地靴*白,282,3,,,A,,A,,S,,A,,A,冬装,,定281,#N/A,#N/A,#N/A,#N/A,#N/A,#N/A,#N/A,#N/A,#N/A,3260,#N/A,#N/A
雪地靴,283,3,,,S,C,,,S,,A,,S,冬装,,幻,#N/A,#N/A,#N/A,#N/A,#N/A,#N/A,#N/A,#N/A,#N/A,#N/A,#N/A,#N/A
黑钻舞台,292,4,,S,,B,,S,,S,,,S,,,幻,#N/A,#N/A,#N/A,#N/A,3995,#N/A,#N/A,#N/A,#N/A,#N/A,#N/A,#N/A
过膝长靴,294,3,,,S,A,,A,,A,,,S,,,2-2少,#N/A,#N/A,#N/A,#N/A,#N/A,#N/A,#N/A,#N/A,#N/A,#N/A,#N/A,#N/A
翻折长靴,295,4,,,SS,S,,,A,,B,,SS,,,迷幻,#N/A,#N/A,#N/A,#N/A,#N/A,#N/A,#N/A,#N/A,#N/A,#N/A,#N/A,#N/A
叶落,301,3,,B,,,B,,B,,SS,,S,洛丽塔,,店,#N/A,#N/A,#N/A,#N/A,#N/A,#N/A,#N/A,#N/A,#N/A,#N/A,#N/A,#N/A
枫林,302,3,,S,,,A,,A,,A,,S,洛丽塔,,定301,#N/A,#N/A,#N/A,#N/A,#N/A,#N/A,#N/A,#N/A,#N/A,#N/A,#N/A,#N/A
牛轧糖,303,3,,,S,,A,,A,,A,,S,洛丽塔,,定301,#N/A,#N/A,#N/A,#N/A,#N/A,#N/A,#N/A,#N/A,#N/A,3520,#N/A,#N/A
娃娃鞋*白,324,3,,,A,,A,,A,,A,A,,,,店,#N/A,3000,#N/A,#N/A,#N/A,#N/A,#N/A,#N/A,#N/A,#N/A,#N/A,#N/A
娃娃鞋*粉,325,3,,,S,B,,,S,,S,S,,,,定324,#N/A,#N/A,3995,#N/A,#N/A,#N/A,#N/A,#N/A,#N/A,#N/A,#N/A,#N/A
娃娃鞋*蓝,327,3,,,S,,S,,B,,A,S,,,,定324,#N/A,3735,#N/A,#N/A,#N/A,#N/A,#N/A,#N/A,#N/A,#N/A,#N/A,#N/A
甜点,340,4,,A,,,S,,S,,S,S,,洛丽塔,,店,#N/A,#N/A,#N/A,#N/A,#N/A,#N/A,#N/A,#N/A,#N/A,#N/A,#N/A,#N/A
甜点*灰,341,4,,A,,S,,,A,,S,S,,洛丽塔,,定340,#N/A,#N/A,#N/A,#N/A,#N/A,#N/A,#N/A,#N/A,3780,#N/A,#N/A,#N/A
甜点*绿,342,4,,A,,S,,,S,,A,S,,洛丽塔,,定340,#N/A,#N/A,#N/A,#N/A,#N/A,#N/A,#N/A,#N/A,3780,#N/A,#N/A,#N/A
甜点*黑,343,4,,S,,,S,,A,,S,A,,洛丽塔,,定340,#N/A,#N/A,#N/A,#N/A,#N/A,#N/A,#N/A,#N/A,#N/A,#N/A,#N/A,#N/A
温雅侍者*鞋,344,2,,,A,A,,B,,,S,A,,中性风,英伦,店/迷/5-8少,#N/A,#N/A,#N/A,#N/A,#N/A,#N/A,#N/A,#N/A,#N/A,#N/A,#N/A,#N/A
斯文侍者*鞋,345,2,,,B,A,,A,,,A,A,,中性风,英伦,定344,#N/A,#N/A,#N/A,#N/A,#N/A,#N/A,#N/A,#N/A,#N/A,#N/A,#N/A,#N/A
兔女郎高跟鞋,348,4,,,S,S,,S,,A,,S,,,,设计图,#N/A,#N/A,#N/A,#N/A,#N/A,#N/A,#N/A,#N/A,#N/A,#N/A,4040,#N/A
繁星,349,5,,,C,S,,S,,A,,A,,,,系统送,#N/A,#N/A,#N/A,#N/A,#N/A,#N/A,#N/A,#N/A,#N/A,#N/A,3335,#N/A
腊月绒靴,350,3,,,C,,A,,S,,S,,A,冬装,,设计图,#N/A,#N/A,#N/A,#N/A,#N/A,#N/A,#N/A,#N/A,#N/A,3335,#N/A,#N/A
田园披萨,351,3,,,A,,A,,A,,A,,A,欧式古典,,设计图,#N/A,#N/A,#N/A,#N/A,#N/A,#N/A,#N/A,#N/A,#N/A,3000,#N/A,#N/A
医生鞋,352,3,,,S,A,,S,,A,,S,,,,1-3公,#N/A,#N/A,#N/A,#N/A,#N/A,#N/A,#N/A,#N/A,#N/A,#N/A,3780,#N/A
兔子洞,353,4,,S,,,S,,S,,S,A,,童话系,,兑换,#N/A,#N/A,#N/A,#N/A,#N/A,#N/A,#N/A,#N/A,#N/A,#N/A,#N/A,#N/A
征服海洋*蓝,354,4,,,A,,S,,S,,S,,S,,,迷,#N/A,#N/A,#N/A,#N/A,#N/A,#N/A,#N/A,#N/A,#N/A,4040,#N/A,#N/A
虔诚之花*鞋,355,4,,,S,,A,,S,,S,S,,洛丽塔,大小姐,店/迷幻,#N/A,4040,#N/A,#N/A,#N/A,#N/A,#N/A,#N/A,#N/A,#N/A,#N/A,#N/A
花季,356,4,,A,,,S,,S,,S,A,,洛丽塔,英伦,成就,#N/A,#N/A,#N/A,#N/A,#N/A,#N/A,#N/A,#N/A,#N/A,#N/A,#N/A,#N/A
公主时光,357,3,,A,,,S,,A,,S,A,,洛丽塔,,成就,#N/A,#N/A,#N/A,#N/A,#N/A,#N/A,#N/A,#N/A,#N/A,#N/A,#N/A,#N/A
金属轰鸣,358,4,,,S,S,,,S,,A,,A,欧式古典,,评选赛兑换,#N/A,#N/A,#N/A,#N/A,#N/A,#N/A,#N/A,#N/A,#N/A,#N/A,#N/A,#N/A
糖果心*鞋,359,3,,A,,,A,,S,,A,A,,洛丽塔,,设计图,#N/A,#N/A,#N/A,#N/A,#N/A,#N/A,#N/A,#N/A,#N/A,#N/A,#N/A,#N/A
花蜜,360,5,,B,,,B,,B,,B,B,,洛丽塔,,系统送,#N/A,#N/A,#N/A,#N/A,#N/A,#N/A,#N/A,#N/A,#N/A,#N/A,#N/A,#N/A
奶油泡芙,361,3,,A,,S,,,A,,A,,S,洛丽塔,,评选赛兑换,#N/A,#N/A,#N/A,#N/A,#N/A,#N/A,#N/A,#N/A,#N/A,#N/A,#N/A,#N/A
灵卜,362,5,,S,,,B,,S,,S,S,,,,迷幻,#N/A,#N/A,#N/A,#N/A,#N/A,#N/A,#N/A,#N/A,#N/A,#N/A,#N/A,#N/A
千金叶,363,4,,S,,SS,,,A,S,,S,,,,迷幻,#N/A,#N/A,#N/A,#N/A,#N/A,#N/A,#N/A,#N/A,#N/A,#N/A,#N/A,#N/A
铆钉靴,365,4,,S,,,S,A,,S,,S,,摇滚风,,店/迷幻,#N/A,#N/A,#N/A,#N/A,#N/A,#N/A,#N/A,#N/A,#N/A,#N/A,#N/A,#N/A
香罗,368,5,,A,,S,,A,,,A,,B,,,签到,#N/A,#N/A,#N/A,#N/A,#N/A,#N/A,#N/A,#N/A,#N/A,#N/A,#N/A,3215
蜜糖浆,369,5,,B,,,B,,B,,B,,C,,,vip,#N/A,#N/A,#N/A,#N/A,#N/A,#N/A,#N/A,#N/A,#N/A,#N/A,#N/A,#N/A
绑带凉鞋,370,3,,,A,A,,A,,A,,A,,,,店,#N/A,#N/A,#N/A,#N/A,#N/A,#N/A,#N/A,#N/A,#N/A,#N/A,3000,#N/A
先锋拖鞋,372,3,,,S,,A,B,,,A,S,,,,7-2少,#N/A,#N/A,#N/A,#N/A,#N/A,#N/A,#N/A,#N/A,#N/A,#N/A,#N/A,#N/A
星愿鞋,373,4,,,A,S,,,S,,A,S,,,,迷幻,#N/A,#N/A,3780,#N/A,#N/A,#N/A,#N/A,#N/A,#N/A,#N/A,#N/A,#N/A
芝士条,378,3,,,S,S,,B,,B,,S,,,,5-支1少,#N/A,#N/A,#N/A,#N/A,#N/A,#N/A,#N/A,#N/A,#N/A,#N/A,3690,#N/A
月光宝盒,379,2,,,B,S,,S,,B,,S,,,,店,#N/A,#N/A,#N/A,#N/A,#N/A,#N/A,#N/A,#N/A,#N/A,#N/A,3690,#N/A
海星凉拖,382,2,,,A,,A,,A,,A,A,,,,店/迷,#N/A,3000,#N/A,#N/A,#N/A,#N/A,#N/A,#N/A,#N/A,#N/A,#N/A,#N/A
粉色凉拖,383,2,,,A,,A,,A,,A,A,,,,迷/签到,#N/A,3000,#N/A,#N/A,#N/A,#N/A,#N/A,#N/A,#N/A,#N/A,#N/A,#N/A
殿雪诗,385,3,,,S,A,,,A,S,,B,,,,迷幻/成就,#N/A,#N/A,#N/A,#N/A,#N/A,#N/A,#N/A,#N/A,#N/A,#N/A,#N/A,#N/A
轻粉舞鞋,386,3,,,S,,A,,A,,S,A,,大小姐,,迷幻,#N/A,3520,#N/A,#N/A,#N/A,#N/A,#N/A,#N/A,#N/A,#N/A,#N/A,#N/A
印花单鞋,387,3,,,A,A,,,S,,A,S,,,,店/迷幻,#N/A,#N/A,3520,#N/A,#N/A,#N/A,#N/A,#N/A,#N/A,#N/A,#N/A,#N/A
韶薇,388,4,,A,,A,,,S,,A,S,,洛丽塔,,幻,#N/A,#N/A,#N/A,#N/A,#N/A,#N/A,#N/A,#N/A,3520,#N/A,#N/A,#N/A
梦幻庭园,389,4,,S,,S,,C,,S,,A,,洛丽塔,,幻,#N/A,#N/A,#N/A,#N/A,#N/A,3595,#N/A,#N/A,#N/A,#N/A,#N/A,#N/A
暗夜哥特,390,4,,S,,S,,,A,,A,,S,哥特风,洛丽塔,幻,#N/A,#N/A,#N/A,#N/A,#N/A,#N/A,#N/A,#N/A,#N/A,#N/A,#N/A,#N/A
首席特助*鞋,392,3,,S,,S,,,C,A,,S,,,,店,#N/A,#N/A,#N/A,#N/A,#N/A,#N/A,#N/A,#N/A,#N/A,#N/A,#N/A,#N/A
洛可的鞋柜,393,4,,S,,B,,,S,,S,,A,洛丽塔,,兑换,#N/A,#N/A,#N/A,#N/A,#N/A,#N/A,#N/A,#N/A,#N/A,#N/A,#N/A,#N/A
荒原凉鞋,394,3,,SS,,B,,B,,S,,S,,波西米亚,,设计图,#N/A,#N/A,#N/A,#N/A,#N/A,3830,#N/A,#N/A,#N/A,#N/A,#N/A,#N/A
超级特工*鞋,395,4,,C,,S,,SS,,S,,,S,侠客联盟,摇滚风,设计图,#N/A,#N/A,#N/A,#N/A,3995,#N/A,#N/A,#N/A,#N/A,#N/A,#N/A,#N/A
晚霞,396,4,,,C,SS,,S,,,S,S,,,,设计图,#N/A,#N/A,#N/A,#N/A,#N/A,#N/A,#N/A,#N/A,#N/A,#N/A,#N/A,#N/A
雨雾,397,4,,,C,S,,S,,,S,S,,,,定396,#N/A,#N/A,#N/A,#N/A,#N/A,#N/A,#N/A,#N/A,#N/A,#N/A,#N/A,#N/A
白雪长靴,398,5,,,A,S,,,A,,S,,B,,,vip,#N/A,#N/A,#N/A,#N/A,#N/A,#N/A,#N/A,#N/A,#N/A,#N/A,#N/A,#N/A
黑漆长靴,400,3,,,A,A,,A,,A,,,A,,,幻,#N/A,#N/A,#N/A,#N/A,#N/A,#N/A,#N/A,#N/A,#N/A,#N/A,#N/A,#N/A
红漆长靴,401,3,,,A,A,,A,,S,,,A,,,定400,#N/A,#N/A,#N/A,#N/A,#N/A,#N/A,#N/A,#N/A,#N/A,#N/A,#N/A,#N/A
雪摇篮,402,5,,S,,,A,,S,,S,C,,,,迷,#N/A,#N/A,#N/A,#N/A,#N/A,#N/A,#N/A,#N/A,#N/A,#N/A,#N/A,#N/A
雪摇篮*蓝,403,2,,A,,A,,,A,,A,A,,,,迷,#N/A,#N/A,#N/A,#N/A,#N/A,#N/A,#N/A,#N/A,3000,#N/A,#N/A,#N/A
雪摇篮*黑,405,2,,A,,A,,,A,,A,A,,,,定403,#N/A,#N/A,#N/A,#N/A,#N/A,#N/A,#N/A,#N/A,3000,#N/A,#N/A,#N/A
瞾瞾,414,5,,A,,S,,S,,A,,A,,中式古典,,vip,#N/A,#N/A,#N/A,#N/A,#N/A,3520,#N/A,#N/A,#N/A,#N/A,#N/A,#N/A
叶片雨鞋,415,2,,,B,,B,B,,,B,S,,雨季装备,,店/迷,#N/A,#N/A,#N/A,#N/A,#N/A,#N/A,#N/A,#N/A,#N/A,#N/A,#N/A,#N/A
高帮靴,419,2,,,A,A,,A,,A,,,A,,,成就,#N/A,#N/A,#N/A,#N/A,#N/A,#N/A,#N/A,#N/A,#N/A,#N/A,#N/A,#N/A
模特气场,420,2,,,C,A,,S,,A,,,S,,,店,#N/A,#N/A,#N/A,#N/A,#N/A,#N/A,#N/A,#N/A,#N/A,#N/A,#N/A,#N/A
骨墨,421,4,,S,,A,,A,,S,,S,,,,6-支3少,#N/A,#N/A,#N/A,#N/A,#N/A,3780,#N/A,#N/A,#N/A,#N/A,#N/A,#N/A
高跟领域*黑,422,3,,,B,S,,S,,S,,S,,,,店,#N/A,#N/A,#N/A,#N/A,#N/A,#N/A,#N/A,#N/A,#N/A,#N/A,3995,#N/A
高跟领域*玫红,423,3,,,C,S,,S,,A,,S,,,,定422,#N/A,#N/A,#N/A,#N/A,#N/A,#N/A,#N/A,#N/A,#N/A,#N/A,3595,#N/A
魅紫,424,2,,,A,A,,A,,A,,A,,,,店,#N/A,#N/A,#N/A,#N/A,#N/A,#N/A,#N/A,#N/A,#N/A,#N/A,3000,#N/A
夜色獠牙,425,3,,B,,S,,S,,A,,S,,,,店,#N/A,#N/A,#N/A,#N/A,#N/A,3735,#N/A,#N/A,#N/A,#N/A,#N/A,#N/A
学生鞋*黑,432,3,,,S,B,,,B,,S,,B,,,定111,#N/A,#N/A,#N/A,#N/A,#N/A,#N/A,#N/A,#N/A,#N/A,#N/A,#N/A,#N/A
白雪小皮鞋,435,2,,,A,A,,,A,,A,A,,,,店,#N/A,#N/A,3000,#N/A,#N/A,#N/A,#N/A,#N/A,#N/A,#N/A,#N/A,#N/A
花苞球*粉,446,3,,,B,S,,,S,B,,S,,,,定129,#N/A,#N/A,#N/A,#N/A,#N/A,#N/A,#N/A,#N/A,#N/A,#N/A,#N/A,#N/A
行走的诗*蓝,447,3,,,B,S,,,S,B,,S,,,,定132,#N/A,#N/A,#N/A,#N/A,#N/A,#N/A,#N/A,#N/A,#N/A,#N/A,#N/A,#N/A
深蓝秘密,448,3,,,A,S,,A,,A,,S,,,,店/成就,#N/A,#N/A,#N/A,#N/A,#N/A,#N/A,#N/A,#N/A,#N/A,#N/A,3520,#N/A
少女心*粉,449,4,,S,,B,,S,,,S,,B,,,店,#N/A,#N/A,#N/A,#N/A,#N/A,#N/A,#N/A,#N/A,#N/A,#N/A,#N/A,3690
少女心*红,450,4,,S,,B,,S,,,S,,B,,,定449,#N/A,#N/A,#N/A,#N/A,#N/A,#N/A,#N/A,#N/A,#N/A,#N/A,#N/A,3690
圆绒绒*黑,452,3,,B,,S,,S,,,S,,B,,,店,#N/A,#N/A,#N/A,#N/A,#N/A,#N/A,#N/A,#N/A,#N/A,#N/A,#N/A,3690
圆绒绒*粉,453,3,,A,,SS,,B,,,SS,,B,,,定452,#N/A,#N/A,#N/A,#N/A,#N/A,#N/A,#N/A,#N/A,#N/A,#N/A,#N/A,3710
圆绒绒*红,454,2,,B,,A,,,B,,SS,,A,,,3-7少,#N/A,#N/A,#N/A,#N/A,#N/A,#N/A,#N/A,#N/A,#N/A,#N/A,#N/A,#N/A
女战神,456,3,,,B,A,,S,,A,,,A,,,店,#N/A,#N/A,#N/A,#N/A,#N/A,#N/A,#N/A,#N/A,#N/A,#N/A,#N/A,#N/A
音乐盒*黑,458,3,,,S,,B,S,,,B,,S,英伦,,定072,#N/A,#N/A,#N/A,#N/A,#N/A,#N/A,#N/A,#N/A,#N/A,#N/A,#N/A,#N/A
战火*棕,468,3,,A,,,C,S,,S,,,S,摇滚风,,定078,#N/A,#N/A,#N/A,#N/A,#N/A,#N/A,#N/A,#N/A,#N/A,#N/A,#N/A,#N/A
征服海洋*白,470,4,,,A,,S,,S,,S,,S,,,定354,#N/A,#N/A,#N/A,#N/A,#N/A,#N/A,#N/A,#N/A,#N/A,4040,#N/A,#N/A
征服海洋*黑,471,4,,,S,,A,,S,,S,,S,,,定354,#N/A,#N/A,#N/A,#N/A,#N/A,#N/A,#N/A,#N/A,#N/A,4040,#N/A,#N/A
征服海洋*灰,472,4,,,A,,S,,A,,A,,S,,,定354,#N/A,#N/A,#N/A,#N/A,#N/A,#N/A,#N/A,#N/A,#N/A,3520,#N/A,#N/A
元气小企,476,5,,B,,,S,,S,,S,,A,,,暂无,#N/A,#N/A,#N/A,#N/A,#N/A,#N/A,#N/A,#N/A,#N/A,#N/A,#N/A,#N/A
云苍,477,5,,,A,S,,S,,S,,B,,,,暂无,#N/A,#N/A,#N/A,#N/A,#N/A,#N/A,#N/A,#N/A,#N/A,#N/A,3735,#N/A
玫瑰雪魄,478,5,,S,,A,,,S,A,,,B,,,成就,#N/A,#N/A,#N/A,#N/A,#N/A,#N/A,#N/A,#N/A,#N/A,#N/A,#N/A,#N/A
乐园夜,479,5,,,S,S,,,S,,S,A,,,,店,#N/A,#N/A,4040,#N/A,#N/A,#N/A,#N/A,#N/A,#N/A,#N/A,#N/A,#N/A
粉兔子,480,5,,,B,,A,,S,,S,A,,,,店/活动(2015六一),#N/A,3475,#N/A,#N/A,#N/A,#N/A,#N/A,#N/A,#N/A,#N/A,#N/A,#N/A
放纵舞步,481,6,,S,,A,,A,,S,,S,,,,进482,#N/A,#N/A,#N/A,#N/A,#N/A,3780,#N/A,#N/A,#N/A,#N/A,#N/A,#N/A
雪羽舞步,482,5,,A,,S,,A,,A,,S,,,,设计图,#N/A,#N/A,#N/A,#N/A,#N/A,3520,#N/A,#N/A,#N/A,#N/A,#N/A,#N/A
学习之路,483,3,,,S,,S,,A,,A,B,,运动系,,店/活动(2015高考),#N/A,3475,#N/A,#N/A,#N/A,#N/A,#N/A,#N/A,#N/A,#N/A,#N/A,#N/A
荷叶履,484,3,,S,,S,,,B,,S,A,,,,设计图,#N/A,#N/A,#N/A,#N/A,#N/A,#N/A,#N/A,#N/A,3735,#N/A,#N/A,#N/A
海滨拖鞋,485,3,,,A,,S,,A,,S,A,,海军风,,7-3少,#N/A,3520,#N/A,#N/A,#N/A,#N/A,#N/A,#N/A,#N/A,#N/A,#N/A,#N/A
雨林花,486,3,,,A,,B,,S,,A,S,,,,店/7-9公,#N/A,3475,#N/A,#N/A,#N/A,#N/A,#N/A,#N/A,#N/A,#N/A,#N/A,#N/A
部落鞋,487,3,,A,,,S,,B,,A,,S,民族风,,评选赛兑换,#N/A,#N/A,#N/A,#N/A,#N/A,#N/A,#N/A,#N/A,#N/A,#N/A,#N/A,#N/A
墨鞍靴,488,3,,,S,,S,B,,,A,A,,中式古典,侠客联盟,设计图,#N/A,#N/A,#N/A,#N/A,#N/A,#N/A,#N/A,#N/A,#N/A,#N/A,#N/A,#N/A
蓝花蕊,489,2,,,S,S,,A,,B,,B,,,,5-4公/7-3公,#N/A,#N/A,#N/A,#N/A,#N/A,#N/A,#N/A,#N/A,#N/A,#N/A,3430,#N/A
蓝花蕊*华丽,490,3,,,S,S,,,B,A,,B,,欧式古典,,进489,#N/A,#N/A,#N/A,#N/A,#N/A,#N/A,#N/A,#N/A,#N/A,#N/A,#N/A,#N/A
兰痕,491,3,,S,,A,,B,,S,,A,,中式现代,,设计图,#N/A,#N/A,#N/A,#N/A,#N/A,3475,#N/A,#N/A,#N/A,#N/A,#N/A,#N/A
蓝瓷*鞋,492,4,,,A,S,,SS,,,A,A,,中式现代,,缥缈,#N/A,#N/A,#N/A,#N/A,#N/A,#N/A,#N/A,#N/A,#N/A,#N/A,#N/A,#N/A
祥云舞*鞋,493,4,,,A,S,,SS,,,A,B,,中式现代,,定492,#N/A,#N/A,#N/A,#N/A,#N/A,#N/A,#N/A,#N/A,#N/A,#N/A,#N/A,#N/A
花锦南,494,5,,S,,S,,S,,S,,S,,中式现代,,缥缈/兑换,#N/A,#N/A,#N/A,#N/A,#N/A,4300,#N/A,#N/A,#N/A,#N/A,#N/A,#N/A
北地英姿*靴,495,4,,,A,,S,A,,SS,,A,,军装,,设计图,#N/A,#N/A,#N/A,#N/A,#N/A,#N/A,#N/A,#N/A,#N/A,#N/A,#N/A,#N/A
剔透泪水,496,5,,,S,A,,SS,,S,,A,,,,vip,#N/A,#N/A,#N/A,#N/A,#N/A,#N/A,#N/A,#N/A,#N/A,#N/A,3920,#N/A
布洛克绅士,500,4,,,S,A,,SS,,,A,,B,中性风,,设计图,#N/A,#N/A,#N/A,#N/A,#N/A,#N/A,#N/A,3615,#N/A,#N/A,#N/A,#N/A
荷叶结,504,4,,A,,SS,,,A,,S,,A,,,兑换,#N/A,#N/A,#N/A,#N/A,#N/A,#N/A,#N/A,#N/A,#N/A,#N/A,#N/A,#N/A
鹿枝,510,5,,S,,S,,A,,S,,A,,,,设计图,#N/A,#N/A,#N/A,#N/A,#N/A,3780,#N/A,#N/A,#N/A,#N/A,#N/A,#N/A
粉娃娃,511,2,,,B,B,,,S,,S,A,,,,活动(仲夏夜),#N/A,#N/A,3430,#N/A,#N/A,#N/A,#N/A,#N/A,#N/A,#N/A,#N/A,#N/A
粉娃娃*华丽,512,3,,,B,B,,,S,,S,A,,,,进511,#N/A,#N/A,3430,#N/A,#N/A,#N/A,#N/A,#N/A,#N/A,#N/A,#N/A,#N/A
粉娃娃*珍稀,513,4,,,B,B,,,S,,SS,A,,,,进512,#N/A,#N/A,3570,#N/A,#N/A,#N/A,#N/A,#N/A,#N/A,#N/A,#N/A,#N/A
嫣红履,514,3,,,S,B,,,A,,S,A,,,,8-8公,#N/A,#N/A,3475,#N/A,#N/A,#N/A,#N/A,#N/A,#N/A,#N/A,#N/A,#N/A
嫣红履*华丽,515,4,,,SS,A,,,A,,S,A,,,,进514,#N/A,#N/A,3660,#N/A,#N/A,#N/A,#N/A,#N/A,#N/A,#N/A,#N/A,#N/A
盼春,517,4,,,S,A,,,A,,S,A,,,,设计图,#N/A,#N/A,3520,#N/A,#N/A,#N/A,#N/A,#N/A,#N/A,#N/A,#N/A,#N/A
兔公主,519,4,,S,,A,,,SS,,B,,B,,,8-2公,#N/A,#N/A,#N/A,#N/A,#N/A,#N/A,#N/A,#N/A,#N/A,#N/A,#N/A,#N/A
兔公主*华丽,520,5,,SS,,S,,,SS,,A,,S,小动物,,进519,#N/A,#N/A,#N/A,#N/A,#N/A,#N/A,#N/A,#N/A,#N/A,#N/A,#N/A,#N/A